activity_id,experiment_id,frequency,grid_label,institution_id,realm,source_id,table_id,variable_id,standard_name,units,variant_label,member_id,time_range,path,version
CMIP,CanESM5,mon,gn,CCCma,ocean,CCCma,none,friver,,,r1i1p1f1,Omon,1850-01-15-2014-12-15,/glade/collections/cmip/CMIP6/CMIP/CCCma/CanESM5/historical/r1i1p1f1/Omon/friver/gn/v20190429/friver/friver_Omon_CanESM5_historical_r1i1p1f1_gn_185001-201412.nc,v20190429
CMIP,CanESM5,mon,gn,CCCma,ocean,CCCma,none,limfemisc,,,r1i1p1f1,Omon,1850-01-15-2014-12-15,/glade/collections/cmip/CMIP6/CMIP/CCCma/CanESM5/historical/r1i1p1f1/Omon/limfemisc/gn/v20190429/limfemisc/limfemisc_Omon_CanESM5_historical_r1i1p1f1_gn_185001-201412.nc,v20190429
CMIP,CanESM5,mon,gn,CCCma,ocean,CCCma,none,phyn,mole_concentration_of_phytoplankton_expressed_as_nitrogen_in_sea_water,mol m-3,r1i1p1f1,Omon,1861-01-15-1870-12-15,/glade/collections/cmip/CMIP6/CMIP/CCCma/CanESM5/historical/r1i1p1f1/Omon/phyn/gn/v20190429/phyn/phyn_Omon_CanESM5_historical_r1i1p1f1_gn_186101-187012.nc,v20190429
CMIP,CanESM5,mon,gn,CCCma,ocean,CCCma,none,phyn,mole_concentration_of_phytoplankton_expressed_as_nitrogen_in_sea_water,mol m-3,r1i1p1f1,Omon,1850-01-15-1860-12-15,/glade/collections/cmip/CMIP6/CMIP/CCCma/CanESM5/historical/r1i1p1f1/Omon/phyn/gn/v20190429/phyn/phyn_Omon_CanESM5_historical_r1i1p1f1_gn_185001-186012.nc,v20190429
CMIP,CanESM5,mon,gn,CCCma,ocean,CCCma,none,phyn,mole_concentration_of_phytoplankton_expressed_as_nitrogen_in_sea_water,mol m-3,r1i1p1f1,Omon,1941-01-15-1950-12-15,/glade/collections/cmip/CMIP6/CMIP/CCCma/CanESM5/historical/r1i1p1f1/Omon/phyn/gn/v20190429/phyn/phyn_Omon_CanESM5_historical_r1i1p1f1_gn_194101-195012.nc,v20190429
CMIP,CanESM5,mon,gn,CCCma,ocean,CCCma,none,phyn,mole_concentration_of_phytoplankton_expressed_as_nitrogen_in_sea_water,mol m-3,r1i1p1f1,Omon,1881-01-15-1890-12-15,/glade/collections/cmip/CMIP6/CMIP/CCCma/CanESM5/historical/r1i1p1f1/Omon/phyn/gn/v20190429/phyn/phyn_Omon_CanESM5_historical_r1i1p1f1_gn_188101-189012.nc,v20190429
CMIP,CanESM5,mon,gn,CCCma,ocean,CCCma,none,phyn,mole_concentration_of_phytoplankton_expressed_as_nitrogen_in_sea_water,mol m-3,r1i1p1f1,Omon,1891-01-15-1900-12-15,/glade/collections/cmip/CMIP6/CMIP/CCCma/CanESM5/historical/r1i1p1f1/Omon/phyn/gn/v20190429/phyn/phyn_Omon_CanESM5_historical_r1i1p1f1_gn_189101-190012.nc,v20190429
CMIP,CanESM5,mon,gn,CCCma,ocean,CCCma,none,phyn,mole_concentration_of_phytoplankton_expressed_as_nitrogen_in_sea_water,mol m-3,r1i1p1f1,Omon,2001-01-15-2010-12-15,/glade/collections/cmip/CMIP6/CMIP/CCCma/CanESM5/historical/r1i1p1f1/Omon/phyn/gn/v20190429/phyn/phyn_Omon_CanESM5_historical_r1i1p1f1_gn_200101-201012.nc,v20190429
CMIP,CanESM5,mon,gn,CCCma,ocean,CCCma,none,phyn,mole_concentration_of_phytoplankton_expressed_as_nitrogen_in_sea_water,mol m-3,r1i1p1f1,Omon,1931-01-15-1940-12-15,/glade/collections/cmip/CMIP6/CMIP/CCCma/CanESM5/historical/r1i1p1f1/Omon/phyn/gn/v20190429/phyn/phyn_Omon_CanESM5_historical_r1i1p1f1_gn_193101-194012.nc,v20190429
CMIP,CanESM5,mon,gn,CCCma,ocean,CCCma,none,phyn,mole_concentration_of_phytoplankton_expressed_as_nitrogen_in_sea_water,mol m-3,r1i1p1f1,Omon,1901-01-15-1910-12-15,/glade/collections/cmip/CMIP6/CMIP/CCCma/CanESM5/historical/r1i1p1f1/Omon/phyn/gn/v20190429/phyn/phyn_Omon_CanESM5_historical_r1i1p1f1_gn_190101-191012.nc,v20190429
CMIP,CanESM5,mon,gn,CCCma,ocean,CCCma,none,phyn,mole_concentration_of_phytoplankton_expressed_as_nitrogen_in_sea_water,mol m-3,r1i1p1f1,Omon,1951-01-15-1960-12-15,/glade/collections/cmip/CMIP6/CMIP/CCCma/CanESM5/historical/r1i1p1f1/Omon/phyn/gn/v20190429/phyn/phyn_Omon_CanESM5_historical_r1i1p1f1_gn_195101-196012.nc,v20190429
CMIP,CanESM5,mon,gn,CCCma,ocean,CCCma,none,phyn,mole_concentration_of_phytoplankton_expressed_as_nitrogen_in_sea_water,mol m-3,r1i1p1f1,Omon,1921-01-15-1930-12-15,/glade/collections/cmip/CMIP6/CMIP/CCCma/CanESM5/historical/r1i1p1f1/Omon/phyn/gn/v20190429/phyn/phyn_Omon_CanESM5_historical_r1i1p1f1_gn_192101-193012.nc,v20190429
CMIP,CanESM5,mon,gn,CCCma,ocean,CCCma,none,phyn,mole_concentration_of_phytoplankton_expressed_as_nitrogen_in_sea_water,mol m-3,r1i1p1f1,Omon,1911-01-15-1920-12-15,/glade/collections/cmip/CMIP6/CMIP/CCCma/CanESM5/historical/r1i1p1f1/Omon/phyn/gn/v20190429/phyn/phyn_Omon_CanESM5_historical_r1i1p1f1_gn_191101-192012.nc,v20190429
CMIP,CanESM5,mon,gn,CCCma,ocean,CCCma,none,phyn,mole_concentration_of_phytoplankton_expressed_as_nitrogen_in_sea_water,mol m-3,r1i1p1f1,Omon,1991-01-15-2000-12-15,/glade/collections/cmip/CMIP6/CMIP/CCCma/CanESM5/historical/r1i1p1f1/Omon/phyn/gn/v20190429/phyn/phyn_Omon_CanESM5_historical_r1i1p1f1_gn_199101-200012.nc,v20190429
CMIP,CanESM5,mon,gn,CCCma,ocean,CCCma,none,phyn,mole_concentration_of_phytoplankton_expressed_as_nitrogen_in_sea_water,mol m-3,r1i1p1f1,Omon,1981-01-15-1990-12-15,/glade/collections/cmip/CMIP6/CMIP/CCCma/CanESM5/historical/r1i1p1f1/Omon/phyn/gn/v20190429/phyn/phyn_Omon_CanESM5_historical_r1i1p1f1_gn_198101-199012.nc,v20190429
CMIP,CanESM5,mon,gn,CCCma,ocean,CCCma,none,phyn,mole_concentration_of_phytoplankton_expressed_as_nitrogen_in_sea_water,mol m-3,r1i1p1f1,Omon,2011-01-15-2014-12-15,/glade/collections/cmip/CMIP6/CMIP/CCCma/CanESM5/historical/r1i1p1f1/Omon/phyn/gn/v20190429/phyn/phyn_Omon_CanESM5_historical_r1i1p1f1_gn_201101-201412.nc,v20190429
CMIP,CanESM5,mon,gn,CCCma,ocean,CCCma,none,phyn,mole_concentration_of_phytoplankton_expressed_as_nitrogen_in_sea_water,mol m-3,r1i1p1f1,Omon,1961-01-15-1970-12-15,/glade/collections/cmip/CMIP6/CMIP/CCCma/CanESM5/historical/r1i1p1f1/Omon/phyn/gn/v20190429/phyn/phyn_Omon_CanESM5_historical_r1i1p1f1_gn_196101-197012.nc,v20190429
CMIP,CanESM5,mon,gn,CCCma,ocean,CCCma,none,phyn,mole_concentration_of_phytoplankton_expressed_as_nitrogen_in_sea_water,mol m-3,r1i1p1f1,Omon,1871-01-15-1880-12-15,/glade/collections/cmip/CMIP6/CMIP/CCCma/CanESM5/historical/r1i1p1f1/Omon/phyn/gn/v20190429/phyn/phyn_Omon_CanESM5_historical_r1i1p1f1_gn_187101-188012.nc,v20190429
CMIP,CanESM5,mon,gn,CCCma,ocean,CCCma,none,phyn,mole_concentration_of_phytoplankton_expressed_as_nitrogen_in_sea_water,mol m-3,r1i1p1f1,Omon,1971-01-15-1980-12-15,/glade/collections/cmip/CMIP6/CMIP/CCCma/CanESM5/historical/r1i1p1f1/Omon/phyn/gn/v20190429/phyn/phyn_Omon_CanESM5_historical_r1i1p1f1_gn_197101-198012.nc,v20190429
CMIP,CanESM5,mon,gn,CCCma,ocean,CCCma,none,pbo,,,r1i1p1f1,Omon,1850-01-15-2014-12-15,/glade/collections/cmip/CMIP6/CMIP/CCCma/CanESM5/historical/r1i1p1f1/Omon/pbo/gn/v20190429/pbo/pbo_Omon_CanESM5_historical_r1i1p1f1_gn_185001-201412.nc,v20190429
CMIP,CanESM5,mon,gn,CCCma,ocean,CCCma,none,prra,,,r1i1p1f1,Omon,1850-01-15-2014-12-15,/glade/collections/cmip/CMIP6/CMIP/CCCma/CanESM5/historical/r1i1p1f1/Omon/prra/gn/v20190429/prra/prra_Omon_CanESM5_historical_r1i1p1f1_gn_185001-201412.nc,v20190429
CMIP,CanESM5,mon,gn,CCCma,ocean,CCCma,none,fgco2,surface_downward_mass_flux_of_carbon_dioxide_expressed_as_carbon,kg m-2 s-1,r1i1p1f1,Omon,1850-01-15-2014-12-15,/glade/collections/cmip/CMIP6/CMIP/CCCma/CanESM5/historical/r1i1p1f1/Omon/fgco2/gn/v20190429/fgco2/fgco2_Omon_CanESM5_historical_r1i1p1f1_gn_185001-201412.nc,v20190429
CMIP,CanESM5,mon,gn,CCCma,ocean,CCCma,none,dissic,mole_concentration_of_dissolved_inorganic_carbon_in_sea_water,mol m-3,r1i1p1f1,Omon,1971-01-15-1980-12-15,/glade/collections/cmip/CMIP6/CMIP/CCCma/CanESM5/historical/r1i1p1f1/Omon/dissic/gn/v20190429/dissic/dissic_Omon_CanESM5_historical_r1i1p1f1_gn_197101-198012.nc,v20190429
CMIP,CanESM5,mon,gn,CCCma,ocean,CCCma,none,dissic,mole_concentration_of_dissolved_inorganic_carbon_in_sea_water,mol m-3,r1i1p1f1,Omon,1981-01-15-1990-12-15,/glade/collections/cmip/CMIP6/CMIP/CCCma/CanESM5/historical/r1i1p1f1/Omon/dissic/gn/v20190429/dissic/dissic_Omon_CanESM5_historical_r1i1p1f1_gn_198101-199012.nc,v20190429
CMIP,CanESM5,mon,gn,CCCma,ocean,CCCma,none,dissic,mole_concentration_of_dissolved_inorganic_carbon_in_sea_water,mol m-3,r1i1p1f1,Omon,1931-01-15-1940-12-15,/glade/collections/cmip/CMIP6/CMIP/CCCma/CanESM5/historical/r1i1p1f1/Omon/dissic/gn/v20190429/dissic/dissic_Omon_CanESM5_historical_r1i1p1f1_gn_193101-194012.nc,v20190429
CMIP,CanESM5,mon,gn,CCCma,ocean,CCCma,none,dissic,mole_concentration_of_dissolved_inorganic_carbon_in_sea_water,mol m-3,r1i1p1f1,Omon,1951-01-15-1960-12-15,/glade/collections/cmip/CMIP6/CMIP/CCCma/CanESM5/historical/r1i1p1f1/Omon/dissic/gn/v20190429/dissic/dissic_Omon_CanESM5_historical_r1i1p1f1_gn_195101-196012.nc,v20190429
CMIP,CanESM5,mon,gn,CCCma,ocean,CCCma,none,dissic,mole_concentration_of_dissolved_inorganic_carbon_in_sea_water,mol m-3,r1i1p1f1,Omon,1901-01-15-1910-12-15,/glade/collections/cmip/CMIP6/CMIP/CCCma/CanESM5/historical/r1i1p1f1/Omon/dissic/gn/v20190429/dissic/dissic_Omon_CanESM5_historical_r1i1p1f1_gn_190101-191012.nc,v20190429
CMIP,CanESM5,mon,gn,CCCma,ocean,CCCma,none,dissic,mole_concentration_of_dissolved_inorganic_carbon_in_sea_water,mol m-3,r1i1p1f1,Omon,1991-01-15-2000-12-15,/glade/collections/cmip/CMIP6/CMIP/CCCma/CanESM5/historical/r1i1p1f1/Omon/dissic/gn/v20190429/dissic/dissic_Omon_CanESM5_historical_r1i1p1f1_gn_199101-200012.nc,v20190429
CMIP,CanESM5,mon,gn,CCCma,ocean,CCCma,none,dissic,mole_concentration_of_dissolved_inorganic_carbon_in_sea_water,mol m-3,r1i1p1f1,Omon,1911-01-15-1920-12-15,/glade/collections/cmip/CMIP6/CMIP/CCCma/CanESM5/historical/r1i1p1f1/Omon/dissic/gn/v20190429/dissic/dissic_Omon_CanESM5_historical_r1i1p1f1_gn_191101-192012.nc,v20190429
CMIP,CanESM5,mon,gn,CCCma,ocean,CCCma,none,dissic,mole_concentration_of_dissolved_inorganic_carbon_in_sea_water,mol m-3,r1i1p1f1,Omon,1871-01-15-1880-12-15,/glade/collections/cmip/CMIP6/CMIP/CCCma/CanESM5/historical/r1i1p1f1/Omon/dissic/gn/v20190429/dissic/dissic_Omon_CanESM5_historical_r1i1p1f1_gn_187101-188012.nc,v20190429
CMIP,CanESM5,mon,gn,CCCma,ocean,CCCma,none,dissic,mole_concentration_of_dissolved_inorganic_carbon_in_sea_water,mol m-3,r1i1p1f1,Omon,1850-01-15-1860-12-15,/glade/collections/cmip/CMIP6/CMIP/CCCma/CanESM5/historical/r1i1p1f1/Omon/dissic/gn/v20190429/dissic/dissic_Omon_CanESM5_historical_r1i1p1f1_gn_185001-186012.nc,v20190429
CMIP,CanESM5,mon,gn,CCCma,ocean,CCCma,none,dissic,mole_concentration_of_dissolved_inorganic_carbon_in_sea_water,mol m-3,r1i1p1f1,Omon,2011-01-15-2014-12-15,/glade/collections/cmip/CMIP6/CMIP/CCCma/CanESM5/historical/r1i1p1f1/Omon/dissic/gn/v20190429/dissic/dissic_Omon_CanESM5_historical_r1i1p1f1_gn_201101-201412.nc,v20190429
CMIP,CanESM5,mon,gn,CCCma,ocean,CCCma,none,dissic,mole_concentration_of_dissolved_inorganic_carbon_in_sea_water,mol m-3,r1i1p1f1,Omon,1941-01-15-1950-12-15,/glade/collections/cmip/CMIP6/CMIP/CCCma/CanESM5/historical/r1i1p1f1/Omon/dissic/gn/v20190429/dissic/dissic_Omon_CanESM5_historical_r1i1p1f1_gn_194101-195012.nc,v20190429
CMIP,CanESM5,mon,gn,CCCma,ocean,CCCma,none,dissic,mole_concentration_of_dissolved_inorganic_carbon_in_sea_water,mol m-3,r1i1p1f1,Omon,1881-01-15-1890-12-15,/glade/collections/cmip/CMIP6/CMIP/CCCma/CanESM5/historical/r1i1p1f1/Omon/dissic/gn/v20190429/dissic/dissic_Omon_CanESM5_historical_r1i1p1f1_gn_188101-189012.nc,v20190429
CMIP,CanESM5,mon,gn,CCCma,ocean,CCCma,none,dissic,mole_concentration_of_dissolved_inorganic_carbon_in_sea_water,mol m-3,r1i1p1f1,Omon,1961-01-15-1970-12-15,/glade/collections/cmip/CMIP6/CMIP/CCCma/CanESM5/historical/r1i1p1f1/Omon/dissic/gn/v20190429/dissic/dissic_Omon_CanESM5_historical_r1i1p1f1_gn_196101-197012.nc,v20190429
CMIP,CanESM5,mon,gn,CCCma,ocean,CCCma,none,dissic,mole_concentration_of_dissolved_inorganic_carbon_in_sea_water,mol m-3,r1i1p1f1,Omon,2001-01-15-2010-12-15,/glade/collections/cmip/CMIP6/CMIP/CCCma/CanESM5/historical/r1i1p1f1/Omon/dissic/gn/v20190429/dissic/dissic_Omon_CanESM5_historical_r1i1p1f1_gn_200101-201012.nc,v20190429
CMIP,CanESM5,mon,gn,CCCma,ocean,CCCma,none,dissic,mole_concentration_of_dissolved_inorganic_carbon_in_sea_water,mol m-3,r1i1p1f1,Omon,1861-01-15-1870-12-15,/glade/collections/cmip/CMIP6/CMIP/CCCma/CanESM5/historical/r1i1p1f1/Omon/dissic/gn/v20190429/dissic/dissic_Omon_CanESM5_historical_r1i1p1f1_gn_186101-187012.nc,v20190429
CMIP,CanESM5,mon,gn,CCCma,ocean,CCCma,none,dissic,mole_concentration_of_dissolved_inorganic_carbon_in_sea_water,mol m-3,r1i1p1f1,Omon,1891-01-15-1900-12-15,/glade/collections/cmip/CMIP6/CMIP/CCCma/CanESM5/historical/r1i1p1f1/Omon/dissic/gn/v20190429/dissic/dissic_Omon_CanESM5_historical_r1i1p1f1_gn_189101-190012.nc,v20190429
CMIP,CanESM5,mon,gn,CCCma,ocean,CCCma,none,dissic,mole_concentration_of_dissolved_inorganic_carbon_in_sea_water,mol m-3,r1i1p1f1,Omon,1921-01-15-1930-12-15,/glade/collections/cmip/CMIP6/CMIP/CCCma/CanESM5/historical/r1i1p1f1/Omon/dissic/gn/v20190429/dissic/dissic_Omon_CanESM5_historical_r1i1p1f1_gn_192101-193012.nc,v20190429
CMIP,CanESM5,mon,gn,CCCma,ocean,CCCma,none,msftmz,ocean_meridional_overturning_mass_streamfunction,kg s-1,r1i1p1f1,Omon,1850-01-15-2014-12-15,/glade/collections/cmip/CMIP6/CMIP/CCCma/CanESM5/historical/r1i1p1f1/Omon/msftmz/gn/v20190429/msftmz/msftmz_Omon_CanESM5_historical_r1i1p1f1_gn_185001-201412.nc,v20190429
CMIP,CanESM5,mon,gn,CCCma,ocean,CCCma,none,rsdo,downwelling_shortwave_flux_in_sea_water,W m-2,r1i1p1f1,Omon,1891-01-15-1900-12-15,/glade/collections/cmip/CMIP6/CMIP/CCCma/CanESM5/historical/r1i1p1f1/Omon/rsdo/gn/v20190429/rsdo/rsdo_Omon_CanESM5_historical_r1i1p1f1_gn_189101-190012.nc,v20190429
CMIP,CanESM5,mon,gn,CCCma,ocean,CCCma,none,rsdo,downwelling_shortwave_flux_in_sea_water,W m-2,r1i1p1f1,Omon,1931-01-15-1940-12-15,/glade/collections/cmip/CMIP6/CMIP/CCCma/CanESM5/historical/r1i1p1f1/Omon/rsdo/gn/v20190429/rsdo/rsdo_Omon_CanESM5_historical_r1i1p1f1_gn_193101-194012.nc,v20190429
CMIP,CanESM5,mon,gn,CCCma,ocean,CCCma,none,rsdo,downwelling_shortwave_flux_in_sea_water,W m-2,r1i1p1f1,Omon,1941-01-15-1950-12-15,/glade/collections/cmip/CMIP6/CMIP/CCCma/CanESM5/historical/r1i1p1f1/Omon/rsdo/gn/v20190429/rsdo/rsdo_Omon_CanESM5_historical_r1i1p1f1_gn_194101-195012.nc,v20190429
CMIP,CanESM5,mon,gn,CCCma,ocean,CCCma,none,rsdo,downwelling_shortwave_flux_in_sea_water,W m-2,r1i1p1f1,Omon,1961-01-15-1970-12-15,/glade/collections/cmip/CMIP6/CMIP/CCCma/CanESM5/historical/r1i1p1f1/Omon/rsdo/gn/v20190429/rsdo/rsdo_Omon_CanESM5_historical_r1i1p1f1_gn_196101-197012.nc,v20190429
CMIP,CanESM5,mon,gn,CCCma,ocean,CCCma,none,rsdo,downwelling_shortwave_flux_in_sea_water,W m-2,r1i1p1f1,Omon,1911-01-15-1920-12-15,/glade/collections/cmip/CMIP6/CMIP/CCCma/CanESM5/historical/r1i1p1f1/Omon/rsdo/gn/v20190429/rsdo/rsdo_Omon_CanESM5_historical_r1i1p1f1_gn_191101-192012.nc,v20190429
CMIP,CanESM5,mon,gn,CCCma,ocean,CCCma,none,rsdo,downwelling_shortwave_flux_in_sea_water,W m-2,r1i1p1f1,Omon,1861-01-15-1870-12-15,/glade/collections/cmip/CMIP6/CMIP/CCCma/CanESM5/historical/r1i1p1f1/Omon/rsdo/gn/v20190429/rsdo/rsdo_Omon_CanESM5_historical_r1i1p1f1_gn_186101-187012.nc,v20190429
CMIP,CanESM5,mon,gn,CCCma,ocean,CCCma,none,rsdo,downwelling_shortwave_flux_in_sea_water,W m-2,r1i1p1f1,Omon,2011-01-15-2014-12-15,/glade/collections/cmip/CMIP6/CMIP/CCCma/CanESM5/historical/r1i1p1f1/Omon/rsdo/gn/v20190429/rsdo/rsdo_Omon_CanESM5_historical_r1i1p1f1_gn_201101-201412.nc,v20190429
CMIP,CanESM5,mon,gn,CCCma,ocean,CCCma,none,rsdo,downwelling_shortwave_flux_in_sea_water,W m-2,r1i1p1f1,Omon,1871-01-15-1880-12-15,/glade/collections/cmip/CMIP6/CMIP/CCCma/CanESM5/historical/r1i1p1f1/Omon/rsdo/gn/v20190429/rsdo/rsdo_Omon_CanESM5_historical_r1i1p1f1_gn_187101-188012.nc,v20190429
CMIP,CanESM5,mon,gn,CCCma,ocean,CCCma,none,rsdo,downwelling_shortwave_flux_in_sea_water,W m-2,r1i1p1f1,Omon,1971-01-15-1980-12-15,/glade/collections/cmip/CMIP6/CMIP/CCCma/CanESM5/historical/r1i1p1f1/Omon/rsdo/gn/v20190429/rsdo/rsdo_Omon_CanESM5_historical_r1i1p1f1_gn_197101-198012.nc,v20190429
CMIP,CanESM5,mon,gn,CCCma,ocean,CCCma,none,rsdo,downwelling_shortwave_flux_in_sea_water,W m-2,r1i1p1f1,Omon,1991-01-15-2000-12-15,/glade/collections/cmip/CMIP6/CMIP/CCCma/CanESM5/historical/r1i1p1f1/Omon/rsdo/gn/v20190429/rsdo/rsdo_Omon_CanESM5_historical_r1i1p1f1_gn_199101-200012.nc,v20190429
CMIP,CanESM5,mon,gn,CCCma,ocean,CCCma,none,rsdo,downwelling_shortwave_flux_in_sea_water,W m-2,r1i1p1f1,Omon,1850-01-15-1860-12-15,/glade/collections/cmip/CMIP6/CMIP/CCCma/CanESM5/historical/r1i1p1f1/Omon/rsdo/gn/v20190429/rsdo/rsdo_Omon_CanESM5_historical_r1i1p1f1_gn_185001-186012.nc,v20190429
CMIP,CanESM5,mon,gn,CCCma,ocean,CCCma,none,rsdo,downwelling_shortwave_flux_in_sea_water,W m-2,r1i1p1f1,Omon,1921-01-15-1930-12-15,/glade/collections/cmip/CMIP6/CMIP/CCCma/CanESM5/historical/r1i1p1f1/Omon/rsdo/gn/v20190429/rsdo/rsdo_Omon_CanESM5_historical_r1i1p1f1_gn_192101-193012.nc,v20190429
CMIP,CanESM5,mon,gn,CCCma,ocean,CCCma,none,rsdo,downwelling_shortwave_flux_in_sea_water,W m-2,r1i1p1f1,Omon,1881-01-15-1890-12-15,/glade/collections/cmip/CMIP6/CMIP/CCCma/CanESM5/historical/r1i1p1f1/Omon/rsdo/gn/v20190429/rsdo/rsdo_Omon_CanESM5_historical_r1i1p1f1_gn_188101-189012.nc,v20190429
CMIP,CanESM5,mon,gn,CCCma,ocean,CCCma,none,rsdo,downwelling_shortwave_flux_in_sea_water,W m-2,r1i1p1f1,Omon,1951-01-15-1960-12-15,/glade/collections/cmip/CMIP6/CMIP/CCCma/CanESM5/historical/r1i1p1f1/Omon/rsdo/gn/v20190429/rsdo/rsdo_Omon_CanESM5_historical_r1i1p1f1_gn_195101-196012.nc,v20190429
CMIP,CanESM5,mon,gn,CCCma,ocean,CCCma,none,rsdo,downwelling_shortwave_flux_in_sea_water,W m-2,r1i1p1f1,Omon,1981-01-15-1990-12-15,/glade/collections/cmip/CMIP6/CMIP/CCCma/CanESM5/historical/r1i1p1f1/Omon/rsdo/gn/v20190429/rsdo/rsdo_Omon_CanESM5_historical_r1i1p1f1_gn_198101-199012.nc,v20190429
CMIP,CanESM5,mon,gn,CCCma,ocean,CCCma,none,rsdo,downwelling_shortwave_flux_in_sea_water,W m-2,r1i1p1f1,Omon,2001-01-15-2010-12-15,/glade/collections/cmip/CMIP6/CMIP/CCCma/CanESM5/historical/r1i1p1f1/Omon/rsdo/gn/v20190429/rsdo/rsdo_Omon_CanESM5_historical_r1i1p1f1_gn_200101-201012.nc,v20190429
CMIP,CanESM5,mon,gn,CCCma,ocean,CCCma,none,rsdo,downwelling_shortwave_flux_in_sea_water,W m-2,r1i1p1f1,Omon,1901-01-15-1910-12-15,/glade/collections/cmip/CMIP6/CMIP/CCCma/CanESM5/historical/r1i1p1f1/Omon/rsdo/gn/v20190429/rsdo/rsdo_Omon_CanESM5_historical_r1i1p1f1_gn_190101-191012.nc,v20190429
CMIP,CanESM5,mon,gn,CCCma,ocean,CCCma,none,detoc,,,r1i1p1f1,Omon,1951-01-15-1960-12-15,/glade/collections/cmip/CMIP6/CMIP/CCCma/CanESM5/historical/r1i1p1f1/Omon/detoc/gn/v20190429/detoc/detoc_Omon_CanESM5_historical_r1i1p1f1_gn_195101-196012.nc,v20190429
CMIP,CanESM5,mon,gn,CCCma,ocean,CCCma,none,detoc,,,r1i1p1f1,Omon,1861-01-15-1870-12-15,/glade/collections/cmip/CMIP6/CMIP/CCCma/CanESM5/historical/r1i1p1f1/Omon/detoc/gn/v20190429/detoc/detoc_Omon_CanESM5_historical_r1i1p1f1_gn_186101-187012.nc,v20190429
CMIP,CanESM5,mon,gn,CCCma,ocean,CCCma,none,detoc,,,r1i1p1f1,Omon,2001-01-15-2010-12-15,/glade/collections/cmip/CMIP6/CMIP/CCCma/CanESM5/historical/r1i1p1f1/Omon/detoc/gn/v20190429/detoc/detoc_Omon_CanESM5_historical_r1i1p1f1_gn_200101-201012.nc,v20190429
CMIP,CanESM5,mon,gn,CCCma,ocean,CCCma,none,detoc,,,r1i1p1f1,Omon,1881-01-15-1890-12-15,/glade/collections/cmip/CMIP6/CMIP/CCCma/CanESM5/historical/r1i1p1f1/Omon/detoc/gn/v20190429/detoc/detoc_Omon_CanESM5_historical_r1i1p1f1_gn_188101-189012.nc,v20190429
CMIP,CanESM5,mon,gn,CCCma,ocean,CCCma,none,detoc,,,r1i1p1f1,Omon,1961-01-15-1970-12-15,/glade/collections/cmip/CMIP6/CMIP/CCCma/CanESM5/historical/r1i1p1f1/Omon/detoc/gn/v20190429/detoc/detoc_Omon_CanESM5_historical_r1i1p1f1_gn_196101-197012.nc,v20190429
CMIP,CanESM5,mon,gn,CCCma,ocean,CCCma,none,detoc,,,r1i1p1f1,Omon,1921-01-15-1930-12-15,/glade/collections/cmip/CMIP6/CMIP/CCCma/CanESM5/historical/r1i1p1f1/Omon/detoc/gn/v20190429/detoc/detoc_Omon_CanESM5_historical_r1i1p1f1_gn_192101-193012.nc,v20190429
CMIP,CanESM5,mon,gn,CCCma,ocean,CCCma,none,detoc,,,r1i1p1f1,Omon,2011-01-15-2014-12-15,/glade/collections/cmip/CMIP6/CMIP/CCCma/CanESM5/historical/r1i1p1f1/Omon/detoc/gn/v20190429/detoc/detoc_Omon_CanESM5_historical_r1i1p1f1_gn_201101-201412.nc,v20190429
CMIP,CanESM5,mon,gn,CCCma,ocean,CCCma,none,detoc,,,r1i1p1f1,Omon,1911-01-15-1920-12-15,/glade/collections/cmip/CMIP6/CMIP/CCCma/CanESM5/historical/r1i1p1f1/Omon/detoc/gn/v20190429/detoc/detoc_Omon_CanESM5_historical_r1i1p1f1_gn_191101-192012.nc,v20190429
CMIP,CanESM5,mon,gn,CCCma,ocean,CCCma,none,detoc,,,r1i1p1f1,Omon,1901-01-15-1910-12-15,/glade/collections/cmip/CMIP6/CMIP/CCCma/CanESM5/historical/r1i1p1f1/Omon/detoc/gn/v20190429/detoc/detoc_Omon_CanESM5_historical_r1i1p1f1_gn_190101-191012.nc,v20190429
CMIP,CanESM5,mon,gn,CCCma,ocean,CCCma,none,detoc,,,r1i1p1f1,Omon,1971-01-15-1980-12-15,/glade/collections/cmip/CMIP6/CMIP/CCCma/CanESM5/historical/r1i1p1f1/Omon/detoc/gn/v20190429/detoc/detoc_Omon_CanESM5_historical_r1i1p1f1_gn_197101-198012.nc,v20190429
CMIP,CanESM5,mon,gn,CCCma,ocean,CCCma,none,detoc,,,r1i1p1f1,Omon,1991-01-15-2000-12-15,/glade/collections/cmip/CMIP6/CMIP/CCCma/CanESM5/historical/r1i1p1f1/Omon/detoc/gn/v20190429/detoc/detoc_Omon_CanESM5_historical_r1i1p1f1_gn_199101-200012.nc,v20190429
CMIP,CanESM5,mon,gn,CCCma,ocean,CCCma,none,detoc,,,r1i1p1f1,Omon,1981-01-15-1990-12-15,/glade/collections/cmip/CMIP6/CMIP/CCCma/CanESM5/historical/r1i1p1f1/Omon/detoc/gn/v20190429/detoc/detoc_Omon_CanESM5_historical_r1i1p1f1_gn_198101-199012.nc,v20190429
CMIP,CanESM5,mon,gn,CCCma,ocean,CCCma,none,detoc,,,r1i1p1f1,Omon,1850-01-15-1860-12-15,/glade/collections/cmip/CMIP6/CMIP/CCCma/CanESM5/historical/r1i1p1f1/Omon/detoc/gn/v20190429/detoc/detoc_Omon_CanESM5_historical_r1i1p1f1_gn_185001-186012.nc,v20190429
CMIP,CanESM5,mon,gn,CCCma,ocean,CCCma,none,detoc,,,r1i1p1f1,Omon,1941-01-15-1950-12-15,/glade/collections/cmip/CMIP6/CMIP/CCCma/CanESM5/historical/r1i1p1f1/Omon/detoc/gn/v20190429/detoc/detoc_Omon_CanESM5_historical_r1i1p1f1_gn_194101-195012.nc,v20190429
CMIP,CanESM5,mon,gn,CCCma,ocean,CCCma,none,detoc,,,r1i1p1f1,Omon,1931-01-15-1940-12-15,/glade/collections/cmip/CMIP6/CMIP/CCCma/CanESM5/historical/r1i1p1f1/Omon/detoc/gn/v20190429/detoc/detoc_Omon_CanESM5_historical_r1i1p1f1_gn_193101-194012.nc,v20190429
CMIP,CanESM5,mon,gn,CCCma,ocean,CCCma,none,detoc,,,r1i1p1f1,Omon,1891-01-15-1900-12-15,/glade/collections/cmip/CMIP6/CMIP/CCCma/CanESM5/historical/r1i1p1f1/Omon/detoc/gn/v20190429/detoc/detoc_Omon_CanESM5_historical_r1i1p1f1_gn_189101-190012.nc,v20190429
CMIP,CanESM5,mon,gn,CCCma,ocean,CCCma,none,phycos,,,r1i1p1f1,Omon,1850-01-15-2014-12-15,/glade/collections/cmip/CMIP6/CMIP/CCCma/CanESM5/historical/r1i1p1f1/Omon/phycos/gn/v20190429/phycos/phycos_Omon_CanESM5_historical_r1i1p1f1_gn_185001-201412.nc,v20190429
CMIP,CanESM5,mon,gn,CCCma,ocean,CCCma,none,phyc,mole_concentration_of_phytoplankton_expressed_as_carbon_in_sea_water,mol m-3,r1i1p1f1,Omon,2011-01-15-2014-12-15,/glade/collections/cmip/CMIP6/CMIP/CCCma/CanESM5/historical/r1i1p1f1/Omon/phyc/gn/v20190429/phyc/phyc_Omon_CanESM5_historical_r1i1p1f1_gn_201101-201412.nc,v20190429
CMIP,CanESM5,mon,gn,CCCma,ocean,CCCma,none,phyc,mole_concentration_of_phytoplankton_expressed_as_carbon_in_sea_water,mol m-3,r1i1p1f1,Omon,1871-01-15-1880-12-15,/glade/collections/cmip/CMIP6/CMIP/CCCma/CanESM5/historical/r1i1p1f1/Omon/phyc/gn/v20190429/phyc/phyc_Omon_CanESM5_historical_r1i1p1f1_gn_187101-188012.nc,v20190429
CMIP,CanESM5,mon,gn,CCCma,ocean,CCCma,none,phyc,mole_concentration_of_phytoplankton_expressed_as_carbon_in_sea_water,mol m-3,r1i1p1f1,Omon,1901-01-15-1910-12-15,/glade/collections/cmip/CMIP6/CMIP/CCCma/CanESM5/historical/r1i1p1f1/Omon/phyc/gn/v20190429/phyc/phyc_Omon_CanESM5_historical_r1i1p1f1_gn_190101-191012.nc,v20190429
CMIP,CanESM5,mon,gn,CCCma,ocean,CCCma,none,phyc,mole_concentration_of_phytoplankton_expressed_as_carbon_in_sea_water,mol m-3,r1i1p1f1,Omon,1991-01-15-2000-12-15,/glade/collections/cmip/CMIP6/CMIP/CCCma/CanESM5/historical/r1i1p1f1/Omon/phyc/gn/v20190429/phyc/phyc_Omon_CanESM5_historical_r1i1p1f1_gn_199101-200012.nc,v20190429
CMIP,CanESM5,mon,gn,CCCma,ocean,CCCma,none,phyc,mole_concentration_of_phytoplankton_expressed_as_carbon_in_sea_water,mol m-3,r1i1p1f1,Omon,1861-01-15-1870-12-15,/glade/collections/cmip/CMIP6/CMIP/CCCma/CanESM5/historical/r1i1p1f1/Omon/phyc/gn/v20190429/phyc/phyc_Omon_CanESM5_historical_r1i1p1f1_gn_186101-187012.nc,v20190429
CMIP,CanESM5,mon,gn,CCCma,ocean,CCCma,none,phyc,mole_concentration_of_phytoplankton_expressed_as_carbon_in_sea_water,mol m-3,r1i1p1f1,Omon,1921-01-15-1930-12-15,/glade/collections/cmip/CMIP6/CMIP/CCCma/CanESM5/historical/r1i1p1f1/Omon/phyc/gn/v20190429/phyc/phyc_Omon_CanESM5_historical_r1i1p1f1_gn_192101-193012.nc,v20190429
CMIP,CanESM5,mon,gn,CCCma,ocean,CCCma,none,phyc,mole_concentration_of_phytoplankton_expressed_as_carbon_in_sea_water,mol m-3,r1i1p1f1,Omon,1931-01-15-1940-12-15,/glade/collections/cmip/CMIP6/CMIP/CCCma/CanESM5/historical/r1i1p1f1/Omon/phyc/gn/v20190429/phyc/phyc_Omon_CanESM5_historical_r1i1p1f1_gn_193101-194012.nc,v20190429
CMIP,CanESM5,mon,gn,CCCma,ocean,CCCma,none,phyc,mole_concentration_of_phytoplankton_expressed_as_carbon_in_sea_water,mol m-3,r1i1p1f1,Omon,1981-01-15-1990-12-15,/glade/collections/cmip/CMIP6/CMIP/CCCma/CanESM5/historical/r1i1p1f1/Omon/phyc/gn/v20190429/phyc/phyc_Omon_CanESM5_historical_r1i1p1f1_gn_198101-199012.nc,v20190429
CMIP,CanESM5,mon,gn,CCCma,ocean,CCCma,none,phyc,mole_concentration_of_phytoplankton_expressed_as_carbon_in_sea_water,mol m-3,r1i1p1f1,Omon,1971-01-15-1980-12-15,/glade/collections/cmip/CMIP6/CMIP/CCCma/CanESM5/historical/r1i1p1f1/Omon/phyc/gn/v20190429/phyc/phyc_Omon_CanESM5_historical_r1i1p1f1_gn_197101-198012.nc,v20190429
CMIP,CanESM5,mon,gn,CCCma,ocean,CCCma,none,phyc,mole_concentration_of_phytoplankton_expressed_as_carbon_in_sea_water,mol m-3,r1i1p1f1,Omon,1911-01-15-1920-12-15,/glade/collections/cmip/CMIP6/CMIP/CCCma/CanESM5/historical/r1i1p1f1/Omon/phyc/gn/v20190429/phyc/phyc_Omon_CanESM5_historical_r1i1p1f1_gn_191101-192012.nc,v20190429
CMIP,CanESM5,mon,gn,CCCma,ocean,CCCma,none,phyc,mole_concentration_of_phytoplankton_expressed_as_carbon_in_sea_water,mol m-3,r1i1p1f1,Omon,1951-01-15-1960-12-15,/glade/collections/cmip/CMIP6/CMIP/CCCma/CanESM5/historical/r1i1p1f1/Omon/phyc/gn/v20190429/phyc/phyc_Omon_CanESM5_historical_r1i1p1f1_gn_195101-196012.nc,v20190429
CMIP,CanESM5,mon,gn,CCCma,ocean,CCCma,none,phyc,mole_concentration_of_phytoplankton_expressed_as_carbon_in_sea_water,mol m-3,r1i1p1f1,Omon,1941-01-15-1950-12-15,/glade/collections/cmip/CMIP6/CMIP/CCCma/CanESM5/historical/r1i1p1f1/Omon/phyc/gn/v20190429/phyc/phyc_Omon_CanESM5_historical_r1i1p1f1_gn_194101-195012.nc,v20190429
CMIP,CanESM5,mon,gn,CCCma,ocean,CCCma,none,phyc,mole_concentration_of_phytoplankton_expressed_as_carbon_in_sea_water,mol m-3,r1i1p1f1,Omon,1891-01-15-1900-12-15,/glade/collections/cmip/CMIP6/CMIP/CCCma/CanESM5/historical/r1i1p1f1/Omon/phyc/gn/v20190429/phyc/phyc_Omon_CanESM5_historical_r1i1p1f1_gn_189101-190012.nc,v20190429
CMIP,CanESM5,mon,gn,CCCma,ocean,CCCma,none,phyc,mole_concentration_of_phytoplankton_expressed_as_carbon_in_sea_water,mol m-3,r1i1p1f1,Omon,2001-01-15-2010-12-15,/glade/collections/cmip/CMIP6/CMIP/CCCma/CanESM5/historical/r1i1p1f1/Omon/phyc/gn/v20190429/phyc/phyc_Omon_CanESM5_historical_r1i1p1f1_gn_200101-201012.nc,v20190429
CMIP,CanESM5,mon,gn,CCCma,ocean,CCCma,none,phyc,mole_concentration_of_phytoplankton_expressed_as_carbon_in_sea_water,mol m-3,r1i1p1f1,Omon,1881-01-15-1890-12-15,/glade/collections/cmip/CMIP6/CMIP/CCCma/CanESM5/historical/r1i1p1f1/Omon/phyc/gn/v20190429/phyc/phyc_Omon_CanESM5_historical_r1i1p1f1_gn_188101-189012.nc,v20190429
CMIP,CanESM5,mon,gn,CCCma,ocean,CCCma,none,phyc,mole_concentration_of_phytoplankton_expressed_as_carbon_in_sea_water,mol m-3,r1i1p1f1,Omon,1850-01-15-1860-12-15,/glade/collections/cmip/CMIP6/CMIP/CCCma/CanESM5/historical/r1i1p1f1/Omon/phyc/gn/v20190429/phyc/phyc_Omon_CanESM5_historical_r1i1p1f1_gn_185001-186012.nc,v20190429
CMIP,CanESM5,mon,gn,CCCma,ocean,CCCma,none,dissicnat,mole_concentration_of_dissolved_inorganic_carbon_natural_analogue_in_sea_water,mol m-3,r1i1p1f1,Omon,1901-01-15-1910-12-15,/glade/collections/cmip/CMIP6/CMIP/CCCma/CanESM5/historical/r1i1p1f1/Omon/dissicnat/gn/v20190429/dissicnat/dissicnat_Omon_CanESM5_historical_r1i1p1f1_gn_190101-191012.nc,v20190429
CMIP,CanESM5,mon,gn,CCCma,ocean,CCCma,none,dissicnat,mole_concentration_of_dissolved_inorganic_carbon_natural_analogue_in_sea_water,mol m-3,r1i1p1f1,Omon,1861-01-15-1870-12-15,/glade/collections/cmip/CMIP6/CMIP/CCCma/CanESM5/historical/r1i1p1f1/Omon/dissicnat/gn/v20190429/dissicnat/dissicnat_Omon_CanESM5_historical_r1i1p1f1_gn_186101-187012.nc,v20190429
CMIP,CanESM5,mon,gn,CCCma,ocean,CCCma,none,dissicnat,mole_concentration_of_dissolved_inorganic_carbon_natural_analogue_in_sea_water,mol m-3,r1i1p1f1,Omon,2011-01-15-2014-12-15,/glade/collections/cmip/CMIP6/CMIP/CCCma/CanESM5/historical/r1i1p1f1/Omon/dissicnat/gn/v20190429/dissicnat/dissicnat_Omon_CanESM5_historical_r1i1p1f1_gn_201101-201412.nc,v20190429
CMIP,CanESM5,mon,gn,CCCma,ocean,CCCma,none,dissicnat,mole_concentration_of_dissolved_inorganic_carbon_natural_analogue_in_sea_water,mol m-3,r1i1p1f1,Omon,1871-01-15-1880-12-15,/glade/collections/cmip/CMIP6/CMIP/CCCma/CanESM5/historical/r1i1p1f1/Omon/dissicnat/gn/v20190429/dissicnat/dissicnat_Omon_CanESM5_historical_r1i1p1f1_gn_187101-188012.nc,v20190429
CMIP,CanESM5,mon,gn,CCCma,ocean,CCCma,none,dissicnat,mole_concentration_of_dissolved_inorganic_carbon_natural_analogue_in_sea_water,mol m-3,r1i1p1f1,Omon,1981-01-15-1990-12-15,/glade/collections/cmip/CMIP6/CMIP/CCCma/CanESM5/historical/r1i1p1f1/Omon/dissicnat/gn/v20190429/dissicnat/dissicnat_Omon_CanESM5_historical_r1i1p1f1_gn_198101-199012.nc,v20190429
CMIP,CanESM5,mon,gn,CCCma,ocean,CCCma,none,dissicnat,mole_concentration_of_dissolved_inorganic_carbon_natural_analogue_in_sea_water,mol m-3,r1i1p1f1,Omon,1881-01-15-1890-12-15,/glade/collections/cmip/CMIP6/CMIP/CCCma/CanESM5/historical/r1i1p1f1/Omon/dissicnat/gn/v20190429/dissicnat/dissicnat_Omon_CanESM5_historical_r1i1p1f1_gn_188101-189012.nc,v20190429
CMIP,CanESM5,mon,gn,CCCma,ocean,CCCma,none,dissicnat,mole_concentration_of_dissolved_inorganic_carbon_natural_analogue_in_sea_water,mol m-3,r1i1p1f1,Omon,1951-01-15-1960-12-15,/glade/collections/cmip/CMIP6/CMIP/CCCma/CanESM5/historical/r1i1p1f1/Omon/dissicnat/gn/v20190429/dissicnat/dissicnat_Omon_CanESM5_historical_r1i1p1f1_gn_195101-196012.nc,v20190429
CMIP,CanESM5,mon,gn,CCCma,ocean,CCCma,none,dissicnat,mole_concentration_of_dissolved_inorganic_carbon_natural_analogue_in_sea_water,mol m-3,r1i1p1f1,Omon,1850-01-15-1860-12-15,/glade/collections/cmip/CMIP6/CMIP/CCCma/CanESM5/historical/r1i1p1f1/Omon/dissicnat/gn/v20190429/dissicnat/dissicnat_Omon_CanESM5_historical_r1i1p1f1_gn_185001-186012.nc,v20190429
CMIP,CanESM5,mon,gn,CCCma,ocean,CCCma,none,dissicnat,mole_concentration_of_dissolved_inorganic_carbon_natural_analogue_in_sea_water,mol m-3,r1i1p1f1,Omon,2001-01-15-2010-12-15,/glade/collections/cmip/CMIP6/CMIP/CCCma/CanESM5/historical/r1i1p1f1/Omon/dissicnat/gn/v20190429/dissicnat/dissicnat_Omon_CanESM5_historical_r1i1p1f1_gn_200101-201012.nc,v20190429
CMIP,CanESM5,mon,gn,CCCma,ocean,CCCma,none,dissicnat,mole_concentration_of_dissolved_inorganic_carbon_natural_analogue_in_sea_water,mol m-3,r1i1p1f1,Omon,1961-01-15-1970-12-15,/glade/collections/cmip/CMIP6/CMIP/CCCma/CanESM5/historical/r1i1p1f1/Omon/dissicnat/gn/v20190429/dissicnat/dissicnat_Omon_CanESM5_historical_r1i1p1f1_gn_196101-197012.nc,v20190429
CMIP,CanESM5,mon,gn,CCCma,ocean,CCCma,none,dissicnat,mole_concentration_of_dissolved_inorganic_carbon_natural_analogue_in_sea_water,mol m-3,r1i1p1f1,Omon,1911-01-15-1920-12-15,/glade/collections/cmip/CMIP6/CMIP/CCCma/CanESM5/historical/r1i1p1f1/Omon/dissicnat/gn/v20190429/dissicnat/dissicnat_Omon_CanESM5_historical_r1i1p1f1_gn_191101-192012.nc,v20190429
CMIP,CanESM5,mon,gn,CCCma,ocean,CCCma,none,dissicnat,mole_concentration_of_dissolved_inorganic_carbon_natural_analogue_in_sea_water,mol m-3,r1i1p1f1,Omon,1941-01-15-1950-12-15,/glade/collections/cmip/CMIP6/CMIP/CCCma/CanESM5/historical/r1i1p1f1/Omon/dissicnat/gn/v20190429/dissicnat/dissicnat_Omon_CanESM5_historical_r1i1p1f1_gn_194101-195012.nc,v20190429
CMIP,CanESM5,mon,gn,CCCma,ocean,CCCma,none,dissicnat,mole_concentration_of_dissolved_inorganic_carbon_natural_analogue_in_sea_water,mol m-3,r1i1p1f1,Omon,1921-01-15-1930-12-15,/glade/collections/cmip/CMIP6/CMIP/CCCma/CanESM5/historical/r1i1p1f1/Omon/dissicnat/gn/v20190429/dissicnat/dissicnat_Omon_CanESM5_historical_r1i1p1f1_gn_192101-193012.nc,v20190429
CMIP,CanESM5,mon,gn,CCCma,ocean,CCCma,none,dissicnat,mole_concentration_of_dissolved_inorganic_carbon_natural_analogue_in_sea_water,mol m-3,r1i1p1f1,Omon,1971-01-15-1980-12-15,/glade/collections/cmip/CMIP6/CMIP/CCCma/CanESM5/historical/r1i1p1f1/Omon/dissicnat/gn/v20190429/dissicnat/dissicnat_Omon_CanESM5_historical_r1i1p1f1_gn_197101-198012.nc,v20190429
CMIP,CanESM5,mon,gn,CCCma,ocean,CCCma,none,dissicnat,mole_concentration_of_dissolved_inorganic_carbon_natural_analogue_in_sea_water,mol m-3,r1i1p1f1,Omon,1891-01-15-1900-12-15,/glade/collections/cmip/CMIP6/CMIP/CCCma/CanESM5/historical/r1i1p1f1/Omon/dissicnat/gn/v20190429/dissicnat/dissicnat_Omon_CanESM5_historical_r1i1p1f1_gn_189101-190012.nc,v20190429
CMIP,CanESM5,mon,gn,CCCma,ocean,CCCma,none,dissicnat,mole_concentration_of_dissolved_inorganic_carbon_natural_analogue_in_sea_water,mol m-3,r1i1p1f1,Omon,1991-01-15-2000-12-15,/glade/collections/cmip/CMIP6/CMIP/CCCma/CanESM5/historical/r1i1p1f1/Omon/dissicnat/gn/v20190429/dissicnat/dissicnat_Omon_CanESM5_historical_r1i1p1f1_gn_199101-200012.nc,v20190429
CMIP,CanESM5,mon,gn,CCCma,ocean,CCCma,none,dissicnat,mole_concentration_of_dissolved_inorganic_carbon_natural_analogue_in_sea_water,mol m-3,r1i1p1f1,Omon,1931-01-15-1940-12-15,/glade/collections/cmip/CMIP6/CMIP/CCCma/CanESM5/historical/r1i1p1f1/Omon/dissicnat/gn/v20190429/dissicnat/dissicnat_Omon_CanESM5_historical_r1i1p1f1_gn_193101-194012.nc,v20190429
CMIP,CanESM5,mon,gn,CCCma,ocean,CCCma,none,sos,sea_surface_salinity,,r1i1p1f1,Omon,1850-01-15-2014-12-15,/glade/collections/cmip/CMIP6/CMIP/CCCma/CanESM5/historical/r1i1p1f1/Omon/sos/gn/v20190429/sos/sos_Omon_CanESM5_historical_r1i1p1f1_gn_185001-201412.nc,v20190429
CMIP,CanESM5,mon,gn,CCCma,ocean,CCCma,none,sob,sea_water_salinity_at_sea_floor,,r1i1p1f1,Omon,1850-01-15-2014-12-15,/glade/collections/cmip/CMIP6/CMIP/CCCma/CanESM5/historical/r1i1p1f1/Omon/sob/gn/v20190429/sob/sob_Omon_CanESM5_historical_r1i1p1f1_gn_185001-201412.nc,v20190429
CMIP,CanESM5,mon,gn,CCCma,ocean,CCCma,none,fgo2,,,r1i1p1f1,Omon,1850-01-15-2014-12-15,/glade/collections/cmip/CMIP6/CMIP/CCCma/CanESM5/historical/r1i1p1f1/Omon/fgo2/gn/v20190429/fgo2/fgo2_Omon_CanESM5_historical_r1i1p1f1_gn_185001-201412.nc,v20190429
CMIP,CanESM5,mon,gn,CCCma,ocean,CCCma,none,fgco2nat,,,r1i1p1f1,Omon,1850-01-15-2014-12-15,/glade/collections/cmip/CMIP6/CMIP/CCCma/CanESM5/historical/r1i1p1f1/Omon/fgco2nat/gn/v20190429/fgco2nat/fgco2nat_Omon_CanESM5_historical_r1i1p1f1_gn_185001-201412.nc,v20190429
CMIP,CanESM5,mon,gn,CCCma,ocean,CCCma,none,tob,sea_water_potential_temperature_at_sea_floor,,r1i1p1f1,Omon,1850-01-15-2014-12-15,/glade/collections/cmip/CMIP6/CMIP/CCCma/CanESM5/historical/r1i1p1f1/Omon/tob/gn/v20190429/tob/tob_Omon_CanESM5_historical_r1i1p1f1_gn_185001-201412.nc,v20190429
CMIP,CanESM5,mon,gn,CCCma,ocean,CCCma,none,limirrmisc,,,r1i1p1f1,Omon,1850-01-15-2014-12-15,/glade/collections/cmip/CMIP6/CMIP/CCCma/CanESM5/historical/r1i1p1f1/Omon/limirrmisc/gn/v20190429/limirrmisc/limirrmisc_Omon_CanESM5_historical_r1i1p1f1_gn_185001-201412.nc,v20190429
CMIP,CanESM5,mon,gn,CCCma,ocean,CCCma,none,dissicabioos,mole_concentration_of_dissolved_inorganic_carbon_abiotic_analogue_in_sea_water,mol m-3,r1i1p1f1,Omon,1850-01-15-2014-12-15,/glade/collections/cmip/CMIP6/CMIP/CCCma/CanESM5/historical/r1i1p1f1/Omon/dissicabioos/gn/v20190429/dissicabioos/dissicabioos_Omon_CanESM5_historical_r1i1p1f1_gn_185001-201412.nc,v20190429
CMIP,CanESM5,mon,gn,CCCma,ocean,CCCma,none,tauuo,surface_downward_x_stress,,r1i1p1f1,Omon,1850-01-15-2014-12-15,/glade/collections/cmip/CMIP6/CMIP/CCCma/CanESM5/historical/r1i1p1f1/Omon/tauuo/gn/v20190429/tauuo/tauuo_Omon_CanESM5_historical_r1i1p1f1_gn_185001-201412.nc,v20190429
CMIP,CanESM5,mon,gn,CCCma,ocean,CCCma,none,epn100,sinking_mole_flux_of_particulate_organic_nitrogen_in_sea_water,,r1i1p1f1,Omon,1850-01-15-2014-12-15,/glade/collections/cmip/CMIP6/CMIP/CCCma/CanESM5/historical/r1i1p1f1/Omon/epn100/gn/v20190429/epn100/epn100_Omon_CanESM5_historical_r1i1p1f1_gn_185001-201412.nc,v20190429
CMIP,CanESM5,mon,gn,CCCma,ocean,CCCma,none,mlotst,ocean_mixed_layer_thickness_defined_by_sigma_t,,r1i1p1f1,Omon,1850-01-15-2014-12-15,/glade/collections/cmip/CMIP6/CMIP/CCCma/CanESM5/historical/r1i1p1f1/Omon/mlotst/gn/v20190429/mlotst/mlotst_Omon_CanESM5_historical_r1i1p1f1_gn_185001-201412.nc,v20190429
CMIP,CanESM5,mon,gn,CCCma,ocean,CCCma,none,agessc,sea_water_age_since_surface_contact,,r1i1p1f1,Omon,1991-01-15-2000-12-15,/glade/collections/cmip/CMIP6/CMIP/CCCma/CanESM5/historical/r1i1p1f1/Omon/agessc/gn/v20190429/agessc/agessc_Omon_CanESM5_historical_r1i1p1f1_gn_199101-200012.nc,v20190429
CMIP,CanESM5,mon,gn,CCCma,ocean,CCCma,none,agessc,sea_water_age_since_surface_contact,,r1i1p1f1,Omon,1961-01-15-1970-12-15,/glade/collections/cmip/CMIP6/CMIP/CCCma/CanESM5/historical/r1i1p1f1/Omon/agessc/gn/v20190429/agessc/agessc_Omon_CanESM5_historical_r1i1p1f1_gn_196101-197012.nc,v20190429
CMIP,CanESM5,mon,gn,CCCma,ocean,CCCma,none,agessc,sea_water_age_since_surface_contact,,r1i1p1f1,Omon,1941-01-15-1950-12-15,/glade/collections/cmip/CMIP6/CMIP/CCCma/CanESM5/historical/r1i1p1f1/Omon/agessc/gn/v20190429/agessc/agessc_Omon_CanESM5_historical_r1i1p1f1_gn_194101-195012.nc,v20190429
CMIP,CanESM5,mon,gn,CCCma,ocean,CCCma,none,agessc,sea_water_age_since_surface_contact,,r1i1p1f1,Omon,1871-01-15-1880-12-15,/glade/collections/cmip/CMIP6/CMIP/CCCma/CanESM5/historical/r1i1p1f1/Omon/agessc/gn/v20190429/agessc/agessc_Omon_CanESM5_historical_r1i1p1f1_gn_187101-188012.nc,v20190429
CMIP,CanESM5,mon,gn,CCCma,ocean,CCCma,none,agessc,sea_water_age_since_surface_contact,,r1i1p1f1,Omon,1850-01-15-1860-12-15,/glade/collections/cmip/CMIP6/CMIP/CCCma/CanESM5/historical/r1i1p1f1/Omon/agessc/gn/v20190429/agessc/agessc_Omon_CanESM5_historical_r1i1p1f1_gn_185001-186012.nc,v20190429
CMIP,CanESM5,mon,gn,CCCma,ocean,CCCma,none,agessc,sea_water_age_since_surface_contact,,r1i1p1f1,Omon,1861-01-15-1870-12-15,/glade/collections/cmip/CMIP6/CMIP/CCCma/CanESM5/historical/r1i1p1f1/Omon/agessc/gn/v20190429/agessc/agessc_Omon_CanESM5_historical_r1i1p1f1_gn_186101-187012.nc,v20190429
CMIP,CanESM5,mon,gn,CCCma,ocean,CCCma,none,agessc,sea_water_age_since_surface_contact,,r1i1p1f1,Omon,1951-01-15-1960-12-15,/glade/collections/cmip/CMIP6/CMIP/CCCma/CanESM5/historical/r1i1p1f1/Omon/agessc/gn/v20190429/agessc/agessc_Omon_CanESM5_historical_r1i1p1f1_gn_195101-196012.nc,v20190429
CMIP,CanESM5,mon,gn,CCCma,ocean,CCCma,none,agessc,sea_water_age_since_surface_contact,,r1i1p1f1,Omon,1881-01-15-1890-12-15,/glade/collections/cmip/CMIP6/CMIP/CCCma/CanESM5/historical/r1i1p1f1/Omon/agessc/gn/v20190429/agessc/agessc_Omon_CanESM5_historical_r1i1p1f1_gn_188101-189012.nc,v20190429
CMIP,CanESM5,mon,gn,CCCma,ocean,CCCma,none,agessc,sea_water_age_since_surface_contact,,r1i1p1f1,Omon,1891-01-15-1900-12-15,/glade/collections/cmip/CMIP6/CMIP/CCCma/CanESM5/historical/r1i1p1f1/Omon/agessc/gn/v20190429/agessc/agessc_Omon_CanESM5_historical_r1i1p1f1_gn_189101-190012.nc,v20190429
CMIP,CanESM5,mon,gn,CCCma,ocean,CCCma,none,agessc,sea_water_age_since_surface_contact,,r1i1p1f1,Omon,1981-01-15-1990-12-15,/glade/collections/cmip/CMIP6/CMIP/CCCma/CanESM5/historical/r1i1p1f1/Omon/agessc/gn/v20190429/agessc/agessc_Omon_CanESM5_historical_r1i1p1f1_gn_198101-199012.nc,v20190429
CMIP,CanESM5,mon,gn,CCCma,ocean,CCCma,none,agessc,sea_water_age_since_surface_contact,,r1i1p1f1,Omon,1921-01-15-1930-12-15,/glade/collections/cmip/CMIP6/CMIP/CCCma/CanESM5/historical/r1i1p1f1/Omon/agessc/gn/v20190429/agessc/agessc_Omon_CanESM5_historical_r1i1p1f1_gn_192101-193012.nc,v20190429
CMIP,CanESM5,mon,gn,CCCma,ocean,CCCma,none,agessc,sea_water_age_since_surface_contact,,r1i1p1f1,Omon,1901-01-15-1910-12-15,/glade/collections/cmip/CMIP6/CMIP/CCCma/CanESM5/historical/r1i1p1f1/Omon/agessc/gn/v20190429/agessc/agessc_Omon_CanESM5_historical_r1i1p1f1_gn_190101-191012.nc,v20190429
CMIP,CanESM5,mon,gn,CCCma,ocean,CCCma,none,agessc,sea_water_age_since_surface_contact,,r1i1p1f1,Omon,2001-01-15-2010-12-15,/glade/collections/cmip/CMIP6/CMIP/CCCma/CanESM5/historical/r1i1p1f1/Omon/agessc/gn/v20190429/agessc/agessc_Omon_CanESM5_historical_r1i1p1f1_gn_200101-201012.nc,v20190429
CMIP,CanESM5,mon,gn,CCCma,ocean,CCCma,none,agessc,sea_water_age_since_surface_contact,,r1i1p1f1,Omon,1931-01-15-1940-12-15,/glade/collections/cmip/CMIP6/CMIP/CCCma/CanESM5/historical/r1i1p1f1/Omon/agessc/gn/v20190429/agessc/agessc_Omon_CanESM5_historical_r1i1p1f1_gn_193101-194012.nc,v20190429
CMIP,CanESM5,mon,gn,CCCma,ocean,CCCma,none,agessc,sea_water_age_since_surface_contact,,r1i1p1f1,Omon,1911-01-15-1920-12-15,/glade/collections/cmip/CMIP6/CMIP/CCCma/CanESM5/historical/r1i1p1f1/Omon/agessc/gn/v20190429/agessc/agessc_Omon_CanESM5_historical_r1i1p1f1_gn_191101-192012.nc,v20190429
CMIP,CanESM5,mon,gn,CCCma,ocean,CCCma,none,agessc,sea_water_age_since_surface_contact,,r1i1p1f1,Omon,1971-01-15-1980-12-15,/glade/collections/cmip/CMIP6/CMIP/CCCma/CanESM5/historical/r1i1p1f1/Omon/agessc/gn/v20190429/agessc/agessc_Omon_CanESM5_historical_r1i1p1f1_gn_197101-198012.nc,v20190429
CMIP,CanESM5,mon,gn,CCCma,ocean,CCCma,none,agessc,sea_water_age_since_surface_contact,,r1i1p1f1,Omon,2011-01-15-2014-12-15,/glade/collections/cmip/CMIP6/CMIP/CCCma/CanESM5/historical/r1i1p1f1/Omon/agessc/gn/v20190429/agessc/agessc_Omon_CanESM5_historical_r1i1p1f1_gn_201101-201412.nc,v20190429
CMIP,CanESM5,mon,gn,CCCma,ocean,CCCma,none,chl,mass_concentration_of_phytoplankton_expressed_as_chlorophyll_in_sea_water,,r1i1p1f1,Omon,1901-01-15-1910-12-15,/glade/collections/cmip/CMIP6/CMIP/CCCma/CanESM5/historical/r1i1p1f1/Omon/chl/gn/v20190429/chl/chl_Omon_CanESM5_historical_r1i1p1f1_gn_190101-191012.nc,v20190429
CMIP,CanESM5,mon,gn,CCCma,ocean,CCCma,none,chl,mass_concentration_of_phytoplankton_expressed_as_chlorophyll_in_sea_water,,r1i1p1f1,Omon,1911-01-15-1920-12-15,/glade/collections/cmip/CMIP6/CMIP/CCCma/CanESM5/historical/r1i1p1f1/Omon/chl/gn/v20190429/chl/chl_Omon_CanESM5_historical_r1i1p1f1_gn_191101-192012.nc,v20190429
CMIP,CanESM5,mon,gn,CCCma,ocean,CCCma,none,chl,mass_concentration_of_phytoplankton_expressed_as_chlorophyll_in_sea_water,,r1i1p1f1,Omon,1861-01-15-1870-12-15,/glade/collections/cmip/CMIP6/CMIP/CCCma/CanESM5/historical/r1i1p1f1/Omon/chl/gn/v20190429/chl/chl_Omon_CanESM5_historical_r1i1p1f1_gn_186101-187012.nc,v20190429
CMIP,CanESM5,mon,gn,CCCma,ocean,CCCma,none,chl,mass_concentration_of_phytoplankton_expressed_as_chlorophyll_in_sea_water,,r1i1p1f1,Omon,1921-01-15-1930-12-15,/glade/collections/cmip/CMIP6/CMIP/CCCma/CanESM5/historical/r1i1p1f1/Omon/chl/gn/v20190429/chl/chl_Omon_CanESM5_historical_r1i1p1f1_gn_192101-193012.nc,v20190429
CMIP,CanESM5,mon,gn,CCCma,ocean,CCCma,none,chl,mass_concentration_of_phytoplankton_expressed_as_chlorophyll_in_sea_water,,r1i1p1f1,Omon,1961-01-15-1970-12-15,/glade/collections/cmip/CMIP6/CMIP/CCCma/CanESM5/historical/r1i1p1f1/Omon/chl/gn/v20190429/chl/chl_Omon_CanESM5_historical_r1i1p1f1_gn_196101-197012.nc,v20190429
CMIP,CanESM5,mon,gn,CCCma,ocean,CCCma,none,chl,mass_concentration_of_phytoplankton_expressed_as_chlorophyll_in_sea_water,,r1i1p1f1,Omon,1891-01-15-1900-12-15,/glade/collections/cmip/CMIP6/CMIP/CCCma/CanESM5/historical/r1i1p1f1/Omon/chl/gn/v20190429/chl/chl_Omon_CanESM5_historical_r1i1p1f1_gn_189101-190012.nc,v20190429
CMIP,CanESM5,mon,gn,CCCma,ocean,CCCma,none,chl,mass_concentration_of_phytoplankton_expressed_as_chlorophyll_in_sea_water,,r1i1p1f1,Omon,1881-01-15-1890-12-15,/glade/collections/cmip/CMIP6/CMIP/CCCma/CanESM5/historical/r1i1p1f1/Omon/chl/gn/v20190429/chl/chl_Omon_CanESM5_historical_r1i1p1f1_gn_188101-189012.nc,v20190429
CMIP,CanESM5,mon,gn,CCCma,ocean,CCCma,none,chl,mass_concentration_of_phytoplankton_expressed_as_chlorophyll_in_sea_water,,r1i1p1f1,Omon,2001-01-15-2010-12-15,/glade/collections/cmip/CMIP6/CMIP/CCCma/CanESM5/historical/r1i1p1f1/Omon/chl/gn/v20190429/chl/chl_Omon_CanESM5_historical_r1i1p1f1_gn_200101-201012.nc,v20190429
CMIP,CanESM5,mon,gn,CCCma,ocean,CCCma,none,chl,mass_concentration_of_phytoplankton_expressed_as_chlorophyll_in_sea_water,,r1i1p1f1,Omon,1981-01-15-1990-12-15,/glade/collections/cmip/CMIP6/CMIP/CCCma/CanESM5/historical/r1i1p1f1/Omon/chl/gn/v20190429/chl/chl_Omon_CanESM5_historical_r1i1p1f1_gn_198101-199012.nc,v20190429
CMIP,CanESM5,mon,gn,CCCma,ocean,CCCma,none,chl,mass_concentration_of_phytoplankton_expressed_as_chlorophyll_in_sea_water,,r1i1p1f1,Omon,1991-01-15-2000-12-15,/glade/collections/cmip/CMIP6/CMIP/CCCma/CanESM5/historical/r1i1p1f1/Omon/chl/gn/v20190429/chl/chl_Omon_CanESM5_historical_r1i1p1f1_gn_199101-200012.nc,v20190429
CMIP,CanESM5,mon,gn,CCCma,ocean,CCCma,none,chl,mass_concentration_of_phytoplankton_expressed_as_chlorophyll_in_sea_water,,r1i1p1f1,Omon,1850-01-15-1860-12-15,/glade/collections/cmip/CMIP6/CMIP/CCCma/CanESM5/historical/r1i1p1f1/Omon/chl/gn/v20190429/chl/chl_Omon_CanESM5_historical_r1i1p1f1_gn_185001-186012.nc,v20190429
CMIP,CanESM5,mon,gn,CCCma,ocean,CCCma,none,chl,mass_concentration_of_phytoplankton_expressed_as_chlorophyll_in_sea_water,,r1i1p1f1,Omon,1941-01-15-1950-12-15,/glade/collections/cmip/CMIP6/CMIP/CCCma/CanESM5/historical/r1i1p1f1/Omon/chl/gn/v20190429/chl/chl_Omon_CanESM5_historical_r1i1p1f1_gn_194101-195012.nc,v20190429
CMIP,CanESM5,mon,gn,CCCma,ocean,CCCma,none,chl,mass_concentration_of_phytoplankton_expressed_as_chlorophyll_in_sea_water,,r1i1p1f1,Omon,2011-01-15-2014-12-15,/glade/collections/cmip/CMIP6/CMIP/CCCma/CanESM5/historical/r1i1p1f1/Omon/chl/gn/v20190429/chl/chl_Omon_CanESM5_historical_r1i1p1f1_gn_201101-201412.nc,v20190429
CMIP,CanESM5,mon,gn,CCCma,ocean,CCCma,none,chl,mass_concentration_of_phytoplankton_expressed_as_chlorophyll_in_sea_water,,r1i1p1f1,Omon,1971-01-15-1980-12-15,/glade/collections/cmip/CMIP6/CMIP/CCCma/CanESM5/historical/r1i1p1f1/Omon/chl/gn/v20190429/chl/chl_Omon_CanESM5_historical_r1i1p1f1_gn_197101-198012.nc,v20190429
CMIP,CanESM5,mon,gn,CCCma,ocean,CCCma,none,chl,mass_concentration_of_phytoplankton_expressed_as_chlorophyll_in_sea_water,,r1i1p1f1,Omon,1951-01-15-1960-12-15,/glade/collections/cmip/CMIP6/CMIP/CCCma/CanESM5/historical/r1i1p1f1/Omon/chl/gn/v20190429/chl/chl_Omon_CanESM5_historical_r1i1p1f1_gn_195101-196012.nc,v20190429
CMIP,CanESM5,mon,gn,CCCma,ocean,CCCma,none,chl,mass_concentration_of_phytoplankton_expressed_as_chlorophyll_in_sea_water,,r1i1p1f1,Omon,1871-01-15-1880-12-15,/glade/collections/cmip/CMIP6/CMIP/CCCma/CanESM5/historical/r1i1p1f1/Omon/chl/gn/v20190429/chl/chl_Omon_CanESM5_historical_r1i1p1f1_gn_187101-188012.nc,v20190429
CMIP,CanESM5,mon,gn,CCCma,ocean,CCCma,none,chl,mass_concentration_of_phytoplankton_expressed_as_chlorophyll_in_sea_water,,r1i1p1f1,Omon,1931-01-15-1940-12-15,/glade/collections/cmip/CMIP6/CMIP/CCCma/CanESM5/historical/r1i1p1f1/Omon/chl/gn/v20190429/chl/chl_Omon_CanESM5_historical_r1i1p1f1_gn_193101-194012.nc,v20190429
CMIP,CanESM5,mon,gn,CCCma,ocean,CCCma,none,uo,sea_water_x_velocity,m s-1,r1i1p1f1,Omon,1891-01-15-1900-12-15,/glade/collections/cmip/CMIP6/CMIP/CCCma/CanESM5/historical/r1i1p1f1/Omon/uo/gn/v20190429/uo/uo_Omon_CanESM5_historical_r1i1p1f1_gn_189101-190012.nc,v20190429
CMIP,CanESM5,mon,gn,CCCma,ocean,CCCma,none,uo,sea_water_x_velocity,m s-1,r1i1p1f1,Omon,1931-01-15-1940-12-15,/glade/collections/cmip/CMIP6/CMIP/CCCma/CanESM5/historical/r1i1p1f1/Omon/uo/gn/v20190429/uo/uo_Omon_CanESM5_historical_r1i1p1f1_gn_193101-194012.nc,v20190429
CMIP,CanESM5,mon,gn,CCCma,ocean,CCCma,none,uo,sea_water_x_velocity,m s-1,r1i1p1f1,Omon,2011-01-15-2014-12-15,/glade/collections/cmip/CMIP6/CMIP/CCCma/CanESM5/historical/r1i1p1f1/Omon/uo/gn/v20190429/uo/uo_Omon_CanESM5_historical_r1i1p1f1_gn_201101-201412.nc,v20190429
CMIP,CanESM5,mon,gn,CCCma,ocean,CCCma,none,uo,sea_water_x_velocity,m s-1,r1i1p1f1,Omon,1881-01-15-1890-12-15,/glade/collections/cmip/CMIP6/CMIP/CCCma/CanESM5/historical/r1i1p1f1/Omon/uo/gn/v20190429/uo/uo_Omon_CanESM5_historical_r1i1p1f1_gn_188101-189012.nc,v20190429
CMIP,CanESM5,mon,gn,CCCma,ocean,CCCma,none,uo,sea_water_x_velocity,m s-1,r1i1p1f1,Omon,1861-01-15-1870-12-15,/glade/collections/cmip/CMIP6/CMIP/CCCma/CanESM5/historical/r1i1p1f1/Omon/uo/gn/v20190429/uo/uo_Omon_CanESM5_historical_r1i1p1f1_gn_186101-187012.nc,v20190429
CMIP,CanESM5,mon,gn,CCCma,ocean,CCCma,none,uo,sea_water_x_velocity,m s-1,r1i1p1f1,Omon,2001-01-15-2010-12-15,/glade/collections/cmip/CMIP6/CMIP/CCCma/CanESM5/historical/r1i1p1f1/Omon/uo/gn/v20190429/uo/uo_Omon_CanESM5_historical_r1i1p1f1_gn_200101-201012.nc,v20190429
CMIP,CanESM5,mon,gn,CCCma,ocean,CCCma,none,uo,sea_water_x_velocity,m s-1,r1i1p1f1,Omon,1941-01-15-1950-12-15,/glade/collections/cmip/CMIP6/CMIP/CCCma/CanESM5/historical/r1i1p1f1/Omon/uo/gn/v20190429/uo/uo_Omon_CanESM5_historical_r1i1p1f1_gn_194101-195012.nc,v20190429
CMIP,CanESM5,mon,gn,CCCma,ocean,CCCma,none,uo,sea_water_x_velocity,m s-1,r1i1p1f1,Omon,1850-01-15-1860-12-15,/glade/collections/cmip/CMIP6/CMIP/CCCma/CanESM5/historical/r1i1p1f1/Omon/uo/gn/v20190429/uo/uo_Omon_CanESM5_historical_r1i1p1f1_gn_185001-186012.nc,v20190429
CMIP,CanESM5,mon,gn,CCCma,ocean,CCCma,none,uo,sea_water_x_velocity,m s-1,r1i1p1f1,Omon,1961-01-15-1970-12-15,/glade/collections/cmip/CMIP6/CMIP/CCCma/CanESM5/historical/r1i1p1f1/Omon/uo/gn/v20190429/uo/uo_Omon_CanESM5_historical_r1i1p1f1_gn_196101-197012.nc,v20190429
CMIP,CanESM5,mon,gn,CCCma,ocean,CCCma,none,uo,sea_water_x_velocity,m s-1,r1i1p1f1,Omon,1901-01-15-1910-12-15,/glade/collections/cmip/CMIP6/CMIP/CCCma/CanESM5/historical/r1i1p1f1/Omon/uo/gn/v20190429/uo/uo_Omon_CanESM5_historical_r1i1p1f1_gn_190101-191012.nc,v20190429
CMIP,CanESM5,mon,gn,CCCma,ocean,CCCma,none,uo,sea_water_x_velocity,m s-1,r1i1p1f1,Omon,1991-01-15-2000-12-15,/glade/collections/cmip/CMIP6/CMIP/CCCma/CanESM5/historical/r1i1p1f1/Omon/uo/gn/v20190429/uo/uo_Omon_CanESM5_historical_r1i1p1f1_gn_199101-200012.nc,v20190429
CMIP,CanESM5,mon,gn,CCCma,ocean,CCCma,none,uo,sea_water_x_velocity,m s-1,r1i1p1f1,Omon,1971-01-15-1980-12-15,/glade/collections/cmip/CMIP6/CMIP/CCCma/CanESM5/historical/r1i1p1f1/Omon/uo/gn/v20190429/uo/uo_Omon_CanESM5_historical_r1i1p1f1_gn_197101-198012.nc,v20190429
CMIP,CanESM5,mon,gn,CCCma,ocean,CCCma,none,uo,sea_water_x_velocity,m s-1,r1i1p1f1,Omon,1871-01-15-1880-12-15,/glade/collections/cmip/CMIP6/CMIP/CCCma/CanESM5/historical/r1i1p1f1/Omon/uo/gn/v20190429/uo/uo_Omon_CanESM5_historical_r1i1p1f1_gn_187101-188012.nc,v20190429
CMIP,CanESM5,mon,gn,CCCma,ocean,CCCma,none,uo,sea_water_x_velocity,m s-1,r1i1p1f1,Omon,1951-01-15-1960-12-15,/glade/collections/cmip/CMIP6/CMIP/CCCma/CanESM5/historical/r1i1p1f1/Omon/uo/gn/v20190429/uo/uo_Omon_CanESM5_historical_r1i1p1f1_gn_195101-196012.nc,v20190429
CMIP,CanESM5,mon,gn,CCCma,ocean,CCCma,none,uo,sea_water_x_velocity,m s-1,r1i1p1f1,Omon,1921-01-15-1930-12-15,/glade/collections/cmip/CMIP6/CMIP/CCCma/CanESM5/historical/r1i1p1f1/Omon/uo/gn/v20190429/uo/uo_Omon_CanESM5_historical_r1i1p1f1_gn_192101-193012.nc,v20190429
CMIP,CanESM5,mon,gn,CCCma,ocean,CCCma,none,uo,sea_water_x_velocity,m s-1,r1i1p1f1,Omon,1911-01-15-1920-12-15,/glade/collections/cmip/CMIP6/CMIP/CCCma/CanESM5/historical/r1i1p1f1/Omon/uo/gn/v20190429/uo/uo_Omon_CanESM5_historical_r1i1p1f1_gn_191101-192012.nc,v20190429
CMIP,CanESM5,mon,gn,CCCma,ocean,CCCma,none,uo,sea_water_x_velocity,m s-1,r1i1p1f1,Omon,1981-01-15-1990-12-15,/glade/collections/cmip/CMIP6/CMIP/CCCma/CanESM5/historical/r1i1p1f1/Omon/uo/gn/v20190429/uo/uo_Omon_CanESM5_historical_r1i1p1f1_gn_198101-199012.nc,v20190429
CMIP,CanESM5,mon,gn,CCCma,ocean,CCCma,none,vmo,,,r1i1p1f1,Omon,2001-01-15-2010-12-15,/glade/collections/cmip/CMIP6/CMIP/CCCma/CanESM5/historical/r1i1p1f1/Omon/vmo/gn/v20190429/vmo/vmo_Omon_CanESM5_historical_r1i1p1f1_gn_200101-201012.nc,v20190429
CMIP,CanESM5,mon,gn,CCCma,ocean,CCCma,none,vmo,,,r1i1p1f1,Omon,1971-01-15-1980-12-15,/glade/collections/cmip/CMIP6/CMIP/CCCma/CanESM5/historical/r1i1p1f1/Omon/vmo/gn/v20190429/vmo/vmo_Omon_CanESM5_historical_r1i1p1f1_gn_197101-198012.nc,v20190429
CMIP,CanESM5,mon,gn,CCCma,ocean,CCCma,none,vmo,,,r1i1p1f1,Omon,1941-01-15-1950-12-15,/glade/collections/cmip/CMIP6/CMIP/CCCma/CanESM5/historical/r1i1p1f1/Omon/vmo/gn/v20190429/vmo/vmo_Omon_CanESM5_historical_r1i1p1f1_gn_194101-195012.nc,v20190429
CMIP,CanESM5,mon,gn,CCCma,ocean,CCCma,none,vmo,,,r1i1p1f1,Omon,1891-01-15-1900-12-15,/glade/collections/cmip/CMIP6/CMIP/CCCma/CanESM5/historical/r1i1p1f1/Omon/vmo/gn/v20190429/vmo/vmo_Omon_CanESM5_historical_r1i1p1f1_gn_189101-190012.nc,v20190429
CMIP,CanESM5,mon,gn,CCCma,ocean,CCCma,none,vmo,,,r1i1p1f1,Omon,1951-01-15-1960-12-15,/glade/collections/cmip/CMIP6/CMIP/CCCma/CanESM5/historical/r1i1p1f1/Omon/vmo/gn/v20190429/vmo/vmo_Omon_CanESM5_historical_r1i1p1f1_gn_195101-196012.nc,v20190429
CMIP,CanESM5,mon,gn,CCCma,ocean,CCCma,none,vmo,,,r1i1p1f1,Omon,1901-01-15-1910-12-15,/glade/collections/cmip/CMIP6/CMIP/CCCma/CanESM5/historical/r1i1p1f1/Omon/vmo/gn/v20190429/vmo/vmo_Omon_CanESM5_historical_r1i1p1f1_gn_190101-191012.nc,v20190429
CMIP,CanESM5,mon,gn,CCCma,ocean,CCCma,none,vmo,,,r1i1p1f1,Omon,1881-01-15-1890-12-15,/glade/collections/cmip/CMIP6/CMIP/CCCma/CanESM5/historical/r1i1p1f1/Omon/vmo/gn/v20190429/vmo/vmo_Omon_CanESM5_historical_r1i1p1f1_gn_188101-189012.nc,v20190429
CMIP,CanESM5,mon,gn,CCCma,ocean,CCCma,none,vmo,,,r1i1p1f1,Omon,1991-01-15-2000-12-15,/glade/collections/cmip/CMIP6/CMIP/CCCma/CanESM5/historical/r1i1p1f1/Omon/vmo/gn/v20190429/vmo/vmo_Omon_CanESM5_historical_r1i1p1f1_gn_199101-200012.nc,v20190429
CMIP,CanESM5,mon,gn,CCCma,ocean,CCCma,none,vmo,,,r1i1p1f1,Omon,1871-01-15-1880-12-15,/glade/collections/cmip/CMIP6/CMIP/CCCma/CanESM5/historical/r1i1p1f1/Omon/vmo/gn/v20190429/vmo/vmo_Omon_CanESM5_historical_r1i1p1f1_gn_187101-188012.nc,v20190429
CMIP,CanESM5,mon,gn,CCCma,ocean,CCCma,none,vmo,,,r1i1p1f1,Omon,1911-01-15-1920-12-15,/glade/collections/cmip/CMIP6/CMIP/CCCma/CanESM5/historical/r1i1p1f1/Omon/vmo/gn/v20190429/vmo/vmo_Omon_CanESM5_historical_r1i1p1f1_gn_191101-192012.nc,v20190429
CMIP,CanESM5,mon,gn,CCCma,ocean,CCCma,none,vmo,,,r1i1p1f1,Omon,2011-01-15-2014-12-15,/glade/collections/cmip/CMIP6/CMIP/CCCma/CanESM5/historical/r1i1p1f1/Omon/vmo/gn/v20190429/vmo/vmo_Omon_CanESM5_historical_r1i1p1f1_gn_201101-201412.nc,v20190429
CMIP,CanESM5,mon,gn,CCCma,ocean,CCCma,none,vmo,,,r1i1p1f1,Omon,1981-01-15-1990-12-15,/glade/collections/cmip/CMIP6/CMIP/CCCma/CanESM5/historical/r1i1p1f1/Omon/vmo/gn/v20190429/vmo/vmo_Omon_CanESM5_historical_r1i1p1f1_gn_198101-199012.nc,v20190429
CMIP,CanESM5,mon,gn,CCCma,ocean,CCCma,none,vmo,,,r1i1p1f1,Omon,1921-01-15-1930-12-15,/glade/collections/cmip/CMIP6/CMIP/CCCma/CanESM5/historical/r1i1p1f1/Omon/vmo/gn/v20190429/vmo/vmo_Omon_CanESM5_historical_r1i1p1f1_gn_192101-193012.nc,v20190429
CMIP,CanESM5,mon,gn,CCCma,ocean,CCCma,none,vmo,,,r1i1p1f1,Omon,1961-01-15-1970-12-15,/glade/collections/cmip/CMIP6/CMIP/CCCma/CanESM5/historical/r1i1p1f1/Omon/vmo/gn/v20190429/vmo/vmo_Omon_CanESM5_historical_r1i1p1f1_gn_196101-197012.nc,v20190429
CMIP,CanESM5,mon,gn,CCCma,ocean,CCCma,none,vmo,,,r1i1p1f1,Omon,1861-01-15-1870-12-15,/glade/collections/cmip/CMIP6/CMIP/CCCma/CanESM5/historical/r1i1p1f1/Omon/vmo/gn/v20190429/vmo/vmo_Omon_CanESM5_historical_r1i1p1f1_gn_186101-187012.nc,v20190429
CMIP,CanESM5,mon,gn,CCCma,ocean,CCCma,none,vmo,,,r1i1p1f1,Omon,1850-01-15-1860-12-15,/glade/collections/cmip/CMIP6/CMIP/CCCma/CanESM5/historical/r1i1p1f1/Omon/vmo/gn/v20190429/vmo/vmo_Omon_CanESM5_historical_r1i1p1f1_gn_185001-186012.nc,v20190429
CMIP,CanESM5,mon,gn,CCCma,ocean,CCCma,none,vmo,,,r1i1p1f1,Omon,1931-01-15-1940-12-15,/glade/collections/cmip/CMIP6/CMIP/CCCma/CanESM5/historical/r1i1p1f1/Omon/vmo/gn/v20190429/vmo/vmo_Omon_CanESM5_historical_r1i1p1f1_gn_193101-194012.nc,v20190429
CMIP,CanESM5,mon,gn,CCCma,ocean,CCCma,none,limnmisc,,,r1i1p1f1,Omon,1850-01-15-2014-12-15,/glade/collections/cmip/CMIP6/CMIP/CCCma/CanESM5/historical/r1i1p1f1/Omon/limnmisc/gn/v20190429/limnmisc/limnmisc_Omon_CanESM5_historical_r1i1p1f1_gn_185001-201412.nc,v20190429
CMIP,CanESM5,mon,gn,CCCma,ocean,CCCma,none,zossq,square_of_sea_surface_height_above_geoid,m,r1i1p1f1,Omon,1850-01-15-2014-12-15,/glade/collections/cmip/CMIP6/CMIP/CCCma/CanESM5/historical/r1i1p1f1/Omon/zossq/gn/v20190429/zossq/zossq_Omon_CanESM5_historical_r1i1p1f1_gn_185001-201412.nc,v20190429
CMIP,CanESM5,mon,gn,CCCma,ocean,CCCma,none,chlos,mass_concentration_of_phytoplankton_expressed_as_chlorophyll_in_sea_water,,r1i1p1f1,Omon,1850-01-15-2014-12-15,/glade/collections/cmip/CMIP6/CMIP/CCCma/CanESM5/historical/r1i1p1f1/Omon/chlos/gn/v20190429/chlos/chlos_Omon_CanESM5_historical_r1i1p1f1_gn_185001-201412.nc,v20190429
CMIP,CanESM5,mon,gn,CCCma,ocean,CCCma,none,o2os,,,r1i1p1f1,Omon,1850-01-15-2014-12-15,/glade/collections/cmip/CMIP6/CMIP/CCCma/CanESM5/historical/r1i1p1f1/Omon/o2os/gn/v20190429/o2os/o2os_Omon_CanESM5_historical_r1i1p1f1_gn_185001-201412.nc,v20190429
CMIP,CanESM5,mon,gn,CCCma,ocean,CCCma,none,mlotstmax,ocean_mixed_layer_thickness_defined_by_sigma_t,,r1i1p1f1,Omon,1850-01-15-2014-12-15,/glade/collections/cmip/CMIP6/CMIP/CCCma/CanESM5/historical/r1i1p1f1/Omon/mlotstmax/gn/v20190429/mlotstmax/mlotstmax_Omon_CanESM5_historical_r1i1p1f1_gn_185001-201412.nc,v20190429
CMIP,CanESM5,mon,gn,CCCma,ocean,CCCma,none,no3,mole_concentration_of_nitrate_in_sea_water,,r1i1p1f1,Omon,1991-01-15-2000-12-15,/glade/collections/cmip/CMIP6/CMIP/CCCma/CanESM5/historical/r1i1p1f1/Omon/no3/gn/v20190429/no3/no3_Omon_CanESM5_historical_r1i1p1f1_gn_199101-200012.nc,v20190429
CMIP,CanESM5,mon,gn,CCCma,ocean,CCCma,none,no3,mole_concentration_of_nitrate_in_sea_water,,r1i1p1f1,Omon,1901-01-15-1910-12-15,/glade/collections/cmip/CMIP6/CMIP/CCCma/CanESM5/historical/r1i1p1f1/Omon/no3/gn/v20190429/no3/no3_Omon_CanESM5_historical_r1i1p1f1_gn_190101-191012.nc,v20190429
CMIP,CanESM5,mon,gn,CCCma,ocean,CCCma,none,no3,mole_concentration_of_nitrate_in_sea_water,,r1i1p1f1,Omon,2001-01-15-2010-12-15,/glade/collections/cmip/CMIP6/CMIP/CCCma/CanESM5/historical/r1i1p1f1/Omon/no3/gn/v20190429/no3/no3_Omon_CanESM5_historical_r1i1p1f1_gn_200101-201012.nc,v20190429
CMIP,CanESM5,mon,gn,CCCma,ocean,CCCma,none,no3,mole_concentration_of_nitrate_in_sea_water,,r1i1p1f1,Omon,1921-01-15-1930-12-15,/glade/collections/cmip/CMIP6/CMIP/CCCma/CanESM5/historical/r1i1p1f1/Omon/no3/gn/v20190429/no3/no3_Omon_CanESM5_historical_r1i1p1f1_gn_192101-193012.nc,v20190429
CMIP,CanESM5,mon,gn,CCCma,ocean,CCCma,none,no3,mole_concentration_of_nitrate_in_sea_water,,r1i1p1f1,Omon,1891-01-15-1900-12-15,/glade/collections/cmip/CMIP6/CMIP/CCCma/CanESM5/historical/r1i1p1f1/Omon/no3/gn/v20190429/no3/no3_Omon_CanESM5_historical_r1i1p1f1_gn_189101-190012.nc,v20190429
CMIP,CanESM5,mon,gn,CCCma,ocean,CCCma,none,no3,mole_concentration_of_nitrate_in_sea_water,,r1i1p1f1,Omon,1981-01-15-1990-12-15,/glade/collections/cmip/CMIP6/CMIP/CCCma/CanESM5/historical/r1i1p1f1/Omon/no3/gn/v20190429/no3/no3_Omon_CanESM5_historical_r1i1p1f1_gn_198101-199012.nc,v20190429
CMIP,CanESM5,mon,gn,CCCma,ocean,CCCma,none,no3,mole_concentration_of_nitrate_in_sea_water,,r1i1p1f1,Omon,1931-01-15-1940-12-15,/glade/collections/cmip/CMIP6/CMIP/CCCma/CanESM5/historical/r1i1p1f1/Omon/no3/gn/v20190429/no3/no3_Omon_CanESM5_historical_r1i1p1f1_gn_193101-194012.nc,v20190429
CMIP,CanESM5,mon,gn,CCCma,ocean,CCCma,none,no3,mole_concentration_of_nitrate_in_sea_water,,r1i1p1f1,Omon,2011-01-15-2014-12-15,/glade/collections/cmip/CMIP6/CMIP/CCCma/CanESM5/historical/r1i1p1f1/Omon/no3/gn/v20190429/no3/no3_Omon_CanESM5_historical_r1i1p1f1_gn_201101-201412.nc,v20190429
CMIP,CanESM5,mon,gn,CCCma,ocean,CCCma,none,no3,mole_concentration_of_nitrate_in_sea_water,,r1i1p1f1,Omon,1850-01-15-1860-12-15,/glade/collections/cmip/CMIP6/CMIP/CCCma/CanESM5/historical/r1i1p1f1/Omon/no3/gn/v20190429/no3/no3_Omon_CanESM5_historical_r1i1p1f1_gn_185001-186012.nc,v20190429
CMIP,CanESM5,mon,gn,CCCma,ocean,CCCma,none,no3,mole_concentration_of_nitrate_in_sea_water,,r1i1p1f1,Omon,1961-01-15-1970-12-15,/glade/collections/cmip/CMIP6/CMIP/CCCma/CanESM5/historical/r1i1p1f1/Omon/no3/gn/v20190429/no3/no3_Omon_CanESM5_historical_r1i1p1f1_gn_196101-197012.nc,v20190429
CMIP,CanESM5,mon,gn,CCCma,ocean,CCCma,none,no3,mole_concentration_of_nitrate_in_sea_water,,r1i1p1f1,Omon,1941-01-15-1950-12-15,/glade/collections/cmip/CMIP6/CMIP/CCCma/CanESM5/historical/r1i1p1f1/Omon/no3/gn/v20190429/no3/no3_Omon_CanESM5_historical_r1i1p1f1_gn_194101-195012.nc,v20190429
CMIP,CanESM5,mon,gn,CCCma,ocean,CCCma,none,no3,mole_concentration_of_nitrate_in_sea_water,,r1i1p1f1,Omon,1881-01-15-1890-12-15,/glade/collections/cmip/CMIP6/CMIP/CCCma/CanESM5/historical/r1i1p1f1/Omon/no3/gn/v20190429/no3/no3_Omon_CanESM5_historical_r1i1p1f1_gn_188101-189012.nc,v20190429
CMIP,CanESM5,mon,gn,CCCma,ocean,CCCma,none,no3,mole_concentration_of_nitrate_in_sea_water,,r1i1p1f1,Omon,1971-01-15-1980-12-15,/glade/collections/cmip/CMIP6/CMIP/CCCma/CanESM5/historical/r1i1p1f1/Omon/no3/gn/v20190429/no3/no3_Omon_CanESM5_historical_r1i1p1f1_gn_197101-198012.nc,v20190429
CMIP,CanESM5,mon,gn,CCCma,ocean,CCCma,none,no3,mole_concentration_of_nitrate_in_sea_water,,r1i1p1f1,Omon,1911-01-15-1920-12-15,/glade/collections/cmip/CMIP6/CMIP/CCCma/CanESM5/historical/r1i1p1f1/Omon/no3/gn/v20190429/no3/no3_Omon_CanESM5_historical_r1i1p1f1_gn_191101-192012.nc,v20190429
CMIP,CanESM5,mon,gn,CCCma,ocean,CCCma,none,no3,mole_concentration_of_nitrate_in_sea_water,,r1i1p1f1,Omon,1951-01-15-1960-12-15,/glade/collections/cmip/CMIP6/CMIP/CCCma/CanESM5/historical/r1i1p1f1/Omon/no3/gn/v20190429/no3/no3_Omon_CanESM5_historical_r1i1p1f1_gn_195101-196012.nc,v20190429
CMIP,CanESM5,mon,gn,CCCma,ocean,CCCma,none,no3,mole_concentration_of_nitrate_in_sea_water,,r1i1p1f1,Omon,1861-01-15-1870-12-15,/glade/collections/cmip/CMIP6/CMIP/CCCma/CanESM5/historical/r1i1p1f1/Omon/no3/gn/v20190429/no3/no3_Omon_CanESM5_historical_r1i1p1f1_gn_186101-187012.nc,v20190429
CMIP,CanESM5,mon,gn,CCCma,ocean,CCCma,none,no3,mole_concentration_of_nitrate_in_sea_water,,r1i1p1f1,Omon,1871-01-15-1880-12-15,/glade/collections/cmip/CMIP6/CMIP/CCCma/CanESM5/historical/r1i1p1f1/Omon/no3/gn/v20190429/no3/no3_Omon_CanESM5_historical_r1i1p1f1_gn_187101-188012.nc,v20190429
CMIP,CanESM5,mon,gn,CCCma,ocean,CCCma,none,intpn2,tendency_of_ocean_mole_content_of_elemental_nitrogen_due_to_fixation,,r1i1p1f1,Omon,1850-01-15-2014-12-15,/glade/collections/cmip/CMIP6/CMIP/CCCma/CanESM5/historical/r1i1p1f1/Omon/intpn2/gn/v20190429/intpn2/intpn2_Omon_CanESM5_historical_r1i1p1f1_gn_185001-201412.nc,v20190429
CMIP,CanESM5,mon,gn,CCCma,ocean,CCCma,none,zoocos,mole_concentration_of_zooplankton_expressed_as_carbon_in_sea_water,mol m-3,r1i1p1f1,Omon,1850-01-15-2014-12-15,/glade/collections/cmip/CMIP6/CMIP/CCCma/CanESM5/historical/r1i1p1f1/Omon/zoocos/gn/v20190429/zoocos/zoocos_Omon_CanESM5_historical_r1i1p1f1_gn_185001-201412.nc,v20190429
CMIP,CanESM5,mon,gn,CCCma,ocean,CCCma,none,no3os,mole_concentration_of_nitrate_in_sea_water,,r1i1p1f1,Omon,1850-01-15-2014-12-15,/glade/collections/cmip/CMIP6/CMIP/CCCma/CanESM5/historical/r1i1p1f1/Omon/no3os/gn/v20190429/no3os/no3os_Omon_CanESM5_historical_r1i1p1f1_gn_185001-201412.nc,v20190429
CMIP,CanESM5,mon,gn,CCCma,ocean,CCCma,none,vo,sea_water_y_velocity,m s-1,r1i1p1f1,Omon,1911-01-15-1920-12-15,/glade/collections/cmip/CMIP6/CMIP/CCCma/CanESM5/historical/r1i1p1f1/Omon/vo/gn/v20190429/vo/vo_Omon_CanESM5_historical_r1i1p1f1_gn_191101-192012.nc,v20190429
CMIP,CanESM5,mon,gn,CCCma,ocean,CCCma,none,vo,sea_water_y_velocity,m s-1,r1i1p1f1,Omon,2011-01-15-2014-12-15,/glade/collections/cmip/CMIP6/CMIP/CCCma/CanESM5/historical/r1i1p1f1/Omon/vo/gn/v20190429/vo/vo_Omon_CanESM5_historical_r1i1p1f1_gn_201101-201412.nc,v20190429
CMIP,CanESM5,mon,gn,CCCma,ocean,CCCma,none,vo,sea_water_y_velocity,m s-1,r1i1p1f1,Omon,1971-01-15-1980-12-15,/glade/collections/cmip/CMIP6/CMIP/CCCma/CanESM5/historical/r1i1p1f1/Omon/vo/gn/v20190429/vo/vo_Omon_CanESM5_historical_r1i1p1f1_gn_197101-198012.nc,v20190429
CMIP,CanESM5,mon,gn,CCCma,ocean,CCCma,none,vo,sea_water_y_velocity,m s-1,r1i1p1f1,Omon,1871-01-15-1880-12-15,/glade/collections/cmip/CMIP6/CMIP/CCCma/CanESM5/historical/r1i1p1f1/Omon/vo/gn/v20190429/vo/vo_Omon_CanESM5_historical_r1i1p1f1_gn_187101-188012.nc,v20190429
CMIP,CanESM5,mon,gn,CCCma,ocean,CCCma,none,vo,sea_water_y_velocity,m s-1,r1i1p1f1,Omon,1891-01-15-1900-12-15,/glade/collections/cmip/CMIP6/CMIP/CCCma/CanESM5/historical/r1i1p1f1/Omon/vo/gn/v20190429/vo/vo_Omon_CanESM5_historical_r1i1p1f1_gn_189101-190012.nc,v20190429
CMIP,CanESM5,mon,gn,CCCma,ocean,CCCma,none,vo,sea_water_y_velocity,m s-1,r1i1p1f1,Omon,1981-01-15-1990-12-15,/glade/collections/cmip/CMIP6/CMIP/CCCma/CanESM5/historical/r1i1p1f1/Omon/vo/gn/v20190429/vo/vo_Omon_CanESM5_historical_r1i1p1f1_gn_198101-199012.nc,v20190429
CMIP,CanESM5,mon,gn,CCCma,ocean,CCCma,none,vo,sea_water_y_velocity,m s-1,r1i1p1f1,Omon,1931-01-15-1940-12-15,/glade/collections/cmip/CMIP6/CMIP/CCCma/CanESM5/historical/r1i1p1f1/Omon/vo/gn/v20190429/vo/vo_Omon_CanESM5_historical_r1i1p1f1_gn_193101-194012.nc,v20190429
CMIP,CanESM5,mon,gn,CCCma,ocean,CCCma,none,vo,sea_water_y_velocity,m s-1,r1i1p1f1,Omon,2001-01-15-2010-12-15,/glade/collections/cmip/CMIP6/CMIP/CCCma/CanESM5/historical/r1i1p1f1/Omon/vo/gn/v20190429/vo/vo_Omon_CanESM5_historical_r1i1p1f1_gn_200101-201012.nc,v20190429
CMIP,CanESM5,mon,gn,CCCma,ocean,CCCma,none,vo,sea_water_y_velocity,m s-1,r1i1p1f1,Omon,1861-01-15-1870-12-15,/glade/collections/cmip/CMIP6/CMIP/CCCma/CanESM5/historical/r1i1p1f1/Omon/vo/gn/v20190429/vo/vo_Omon_CanESM5_historical_r1i1p1f1_gn_186101-187012.nc,v20190429
CMIP,CanESM5,mon,gn,CCCma,ocean,CCCma,none,vo,sea_water_y_velocity,m s-1,r1i1p1f1,Omon,1951-01-15-1960-12-15,/glade/collections/cmip/CMIP6/CMIP/CCCma/CanESM5/historical/r1i1p1f1/Omon/vo/gn/v20190429/vo/vo_Omon_CanESM5_historical_r1i1p1f1_gn_195101-196012.nc,v20190429
CMIP,CanESM5,mon,gn,CCCma,ocean,CCCma,none,vo,sea_water_y_velocity,m s-1,r1i1p1f1,Omon,1901-01-15-1910-12-15,/glade/collections/cmip/CMIP6/CMIP/CCCma/CanESM5/historical/r1i1p1f1/Omon/vo/gn/v20190429/vo/vo_Omon_CanESM5_historical_r1i1p1f1_gn_190101-191012.nc,v20190429
CMIP,CanESM5,mon,gn,CCCma,ocean,CCCma,none,vo,sea_water_y_velocity,m s-1,r1i1p1f1,Omon,1961-01-15-1970-12-15,/glade/collections/cmip/CMIP6/CMIP/CCCma/CanESM5/historical/r1i1p1f1/Omon/vo/gn/v20190429/vo/vo_Omon_CanESM5_historical_r1i1p1f1_gn_196101-197012.nc,v20190429
CMIP,CanESM5,mon,gn,CCCma,ocean,CCCma,none,vo,sea_water_y_velocity,m s-1,r1i1p1f1,Omon,1941-01-15-1950-12-15,/glade/collections/cmip/CMIP6/CMIP/CCCma/CanESM5/historical/r1i1p1f1/Omon/vo/gn/v20190429/vo/vo_Omon_CanESM5_historical_r1i1p1f1_gn_194101-195012.nc,v20190429
CMIP,CanESM5,mon,gn,CCCma,ocean,CCCma,none,vo,sea_water_y_velocity,m s-1,r1i1p1f1,Omon,1881-01-15-1890-12-15,/glade/collections/cmip/CMIP6/CMIP/CCCma/CanESM5/historical/r1i1p1f1/Omon/vo/gn/v20190429/vo/vo_Omon_CanESM5_historical_r1i1p1f1_gn_188101-189012.nc,v20190429
CMIP,CanESM5,mon,gn,CCCma,ocean,CCCma,none,vo,sea_water_y_velocity,m s-1,r1i1p1f1,Omon,1921-01-15-1930-12-15,/glade/collections/cmip/CMIP6/CMIP/CCCma/CanESM5/historical/r1i1p1f1/Omon/vo/gn/v20190429/vo/vo_Omon_CanESM5_historical_r1i1p1f1_gn_192101-193012.nc,v20190429
CMIP,CanESM5,mon,gn,CCCma,ocean,CCCma,none,vo,sea_water_y_velocity,m s-1,r1i1p1f1,Omon,1850-01-15-1860-12-15,/glade/collections/cmip/CMIP6/CMIP/CCCma/CanESM5/historical/r1i1p1f1/Omon/vo/gn/v20190429/vo/vo_Omon_CanESM5_historical_r1i1p1f1_gn_185001-186012.nc,v20190429
CMIP,CanESM5,mon,gn,CCCma,ocean,CCCma,none,vo,sea_water_y_velocity,m s-1,r1i1p1f1,Omon,1991-01-15-2000-12-15,/glade/collections/cmip/CMIP6/CMIP/CCCma/CanESM5/historical/r1i1p1f1/Omon/vo/gn/v20190429/vo/vo_Omon_CanESM5_historical_r1i1p1f1_gn_199101-200012.nc,v20190429
CMIP,CanESM5,mon,gn,CCCma,ocean,CCCma,none,wo,upward_sea_water_velocity,m s-1,r1i1p1f1,Omon,1931-01-15-1940-12-15,/glade/collections/cmip/CMIP6/CMIP/CCCma/CanESM5/historical/r1i1p1f1/Omon/wo/gn/v20190429/wo/wo_Omon_CanESM5_historical_r1i1p1f1_gn_193101-194012.nc,v20190429
CMIP,CanESM5,mon,gn,CCCma,ocean,CCCma,none,wo,upward_sea_water_velocity,m s-1,r1i1p1f1,Omon,1951-01-15-1960-12-15,/glade/collections/cmip/CMIP6/CMIP/CCCma/CanESM5/historical/r1i1p1f1/Omon/wo/gn/v20190429/wo/wo_Omon_CanESM5_historical_r1i1p1f1_gn_195101-196012.nc,v20190429
CMIP,CanESM5,mon,gn,CCCma,ocean,CCCma,none,wo,upward_sea_water_velocity,m s-1,r1i1p1f1,Omon,1850-01-15-1860-12-15,/glade/collections/cmip/CMIP6/CMIP/CCCma/CanESM5/historical/r1i1p1f1/Omon/wo/gn/v20190429/wo/wo_Omon_CanESM5_historical_r1i1p1f1_gn_185001-186012.nc,v20190429
CMIP,CanESM5,mon,gn,CCCma,ocean,CCCma,none,wo,upward_sea_water_velocity,m s-1,r1i1p1f1,Omon,2001-01-15-2010-12-15,/glade/collections/cmip/CMIP6/CMIP/CCCma/CanESM5/historical/r1i1p1f1/Omon/wo/gn/v20190429/wo/wo_Omon_CanESM5_historical_r1i1p1f1_gn_200101-201012.nc,v20190429
CMIP,CanESM5,mon,gn,CCCma,ocean,CCCma,none,wo,upward_sea_water_velocity,m s-1,r1i1p1f1,Omon,1901-01-15-1910-12-15,/glade/collections/cmip/CMIP6/CMIP/CCCma/CanESM5/historical/r1i1p1f1/Omon/wo/gn/v20190429/wo/wo_Omon_CanESM5_historical_r1i1p1f1_gn_190101-191012.nc,v20190429
CMIP,CanESM5,mon,gn,CCCma,ocean,CCCma,none,wo,upward_sea_water_velocity,m s-1,r1i1p1f1,Omon,1921-01-15-1930-12-15,/glade/collections/cmip/CMIP6/CMIP/CCCma/CanESM5/historical/r1i1p1f1/Omon/wo/gn/v20190429/wo/wo_Omon_CanESM5_historical_r1i1p1f1_gn_192101-193012.nc,v20190429
CMIP,CanESM5,mon,gn,CCCma,ocean,CCCma,none,wo,upward_sea_water_velocity,m s-1,r1i1p1f1,Omon,1871-01-15-1880-12-15,/glade/collections/cmip/CMIP6/CMIP/CCCma/CanESM5/historical/r1i1p1f1/Omon/wo/gn/v20190429/wo/wo_Omon_CanESM5_historical_r1i1p1f1_gn_187101-188012.nc,v20190429
CMIP,CanESM5,mon,gn,CCCma,ocean,CCCma,none,wo,upward_sea_water_velocity,m s-1,r1i1p1f1,Omon,1881-01-15-1890-12-15,/glade/collections/cmip/CMIP6/CMIP/CCCma/CanESM5/historical/r1i1p1f1/Omon/wo/gn/v20190429/wo/wo_Omon_CanESM5_historical_r1i1p1f1_gn_188101-189012.nc,v20190429
CMIP,CanESM5,mon,gn,CCCma,ocean,CCCma,none,wo,upward_sea_water_velocity,m s-1,r1i1p1f1,Omon,1991-01-15-2000-12-15,/glade/collections/cmip/CMIP6/CMIP/CCCma/CanESM5/historical/r1i1p1f1/Omon/wo/gn/v20190429/wo/wo_Omon_CanESM5_historical_r1i1p1f1_gn_199101-200012.nc,v20190429
CMIP,CanESM5,mon,gn,CCCma,ocean,CCCma,none,wo,upward_sea_water_velocity,m s-1,r1i1p1f1,Omon,1961-01-15-1970-12-15,/glade/collections/cmip/CMIP6/CMIP/CCCma/CanESM5/historical/r1i1p1f1/Omon/wo/gn/v20190429/wo/wo_Omon_CanESM5_historical_r1i1p1f1_gn_196101-197012.nc,v20190429
CMIP,CanESM5,mon,gn,CCCma,ocean,CCCma,none,wo,upward_sea_water_velocity,m s-1,r1i1p1f1,Omon,1861-01-15-1870-12-15,/glade/collections/cmip/CMIP6/CMIP/CCCma/CanESM5/historical/r1i1p1f1/Omon/wo/gn/v20190429/wo/wo_Omon_CanESM5_historical_r1i1p1f1_gn_186101-187012.nc,v20190429
CMIP,CanESM5,mon,gn,CCCma,ocean,CCCma,none,wo,upward_sea_water_velocity,m s-1,r1i1p1f1,Omon,1911-01-15-1920-12-15,/glade/collections/cmip/CMIP6/CMIP/CCCma/CanESM5/historical/r1i1p1f1/Omon/wo/gn/v20190429/wo/wo_Omon_CanESM5_historical_r1i1p1f1_gn_191101-192012.nc,v20190429
CMIP,CanESM5,mon,gn,CCCma,ocean,CCCma,none,wo,upward_sea_water_velocity,m s-1,r1i1p1f1,Omon,1971-01-15-1980-12-15,/glade/collections/cmip/CMIP6/CMIP/CCCma/CanESM5/historical/r1i1p1f1/Omon/wo/gn/v20190429/wo/wo_Omon_CanESM5_historical_r1i1p1f1_gn_197101-198012.nc,v20190429
CMIP,CanESM5,mon,gn,CCCma,ocean,CCCma,none,wo,upward_sea_water_velocity,m s-1,r1i1p1f1,Omon,1891-01-15-1900-12-15,/glade/collections/cmip/CMIP6/CMIP/CCCma/CanESM5/historical/r1i1p1f1/Omon/wo/gn/v20190429/wo/wo_Omon_CanESM5_historical_r1i1p1f1_gn_189101-190012.nc,v20190429
CMIP,CanESM5,mon,gn,CCCma,ocean,CCCma,none,wo,upward_sea_water_velocity,m s-1,r1i1p1f1,Omon,1941-01-15-1950-12-15,/glade/collections/cmip/CMIP6/CMIP/CCCma/CanESM5/historical/r1i1p1f1/Omon/wo/gn/v20190429/wo/wo_Omon_CanESM5_historical_r1i1p1f1_gn_194101-195012.nc,v20190429
CMIP,CanESM5,mon,gn,CCCma,ocean,CCCma,none,wo,upward_sea_water_velocity,m s-1,r1i1p1f1,Omon,2011-01-15-2014-12-15,/glade/collections/cmip/CMIP6/CMIP/CCCma/CanESM5/historical/r1i1p1f1/Omon/wo/gn/v20190429/wo/wo_Omon_CanESM5_historical_r1i1p1f1_gn_201101-201412.nc,v20190429
CMIP,CanESM5,mon,gn,CCCma,ocean,CCCma,none,wo,upward_sea_water_velocity,m s-1,r1i1p1f1,Omon,1981-01-15-1990-12-15,/glade/collections/cmip/CMIP6/CMIP/CCCma/CanESM5/historical/r1i1p1f1/Omon/wo/gn/v20190429/wo/wo_Omon_CanESM5_historical_r1i1p1f1_gn_198101-199012.nc,v20190429
CMIP,CanESM5,mon,gn,CCCma,ocean,CCCma,none,spco2abio,surface_carbon_dioxide_abiotic_analogue_partial_pressure_difference_between_sea_water_and_air,,r1i1p1f1,Omon,1850-01-15-2014-12-15,/glade/collections/cmip/CMIP6/CMIP/CCCma/CanESM5/historical/r1i1p1f1/Omon/spco2abio/gn/v20190429/spco2abio/spco2abio_Omon_CanESM5_historical_r1i1p1f1_gn_185001-201412.nc,v20190429
CMIP,CanESM5,mon,gn,CCCma,ocean,CCCma,none,dissicnatos,mole_concentration_of_dissolved_inorganic_carbon_natural_analogue_in_sea_water,mol m-3,r1i1p1f1,Omon,1850-01-15-2014-12-15,/glade/collections/cmip/CMIP6/CMIP/CCCma/CanESM5/historical/r1i1p1f1/Omon/dissicnatos/gn/v20190429/dissicnatos/dissicnatos_Omon_CanESM5_historical_r1i1p1f1_gn_185001-201412.nc,v20190429
CMIP,CanESM5,mon,gn,CCCma,ocean,CCCma,none,hfds,surface_downward_heat_flux_in_sea_water,W m-2,r1i1p1f1,Omon,1850-01-15-2014-12-15,/glade/collections/cmip/CMIP6/CMIP/CCCma/CanESM5/historical/r1i1p1f1/Omon/hfds/gn/v20190429/hfds/hfds_Omon_CanESM5_historical_r1i1p1f1_gn_185001-201412.nc,v20190429
CMIP,CanESM5,mon,gn,CCCma,ocean,CCCma,none,epcalc100,sinking_mole_flux_of_calcite_expressed_as_carbon_in_sea_water,mol m-2 s-1,r1i1p1f1,Omon,1850-01-15-2014-12-15,/glade/collections/cmip/CMIP6/CMIP/CCCma/CanESM5/historical/r1i1p1f1/Omon/epcalc100/gn/v20190429/epcalc100/epcalc100_Omon_CanESM5_historical_r1i1p1f1_gn_185001-201412.nc,v20190429
CMIP,CanESM5,mon,gn,CCCma,ocean,CCCma,none,talk,sea_water_alkalinity_expressed_as_mole_equivalent,mol m-3,r1i1p1f1,Omon,1921-01-15-1930-12-15,/glade/collections/cmip/CMIP6/CMIP/CCCma/CanESM5/historical/r1i1p1f1/Omon/talk/gn/v20190429/talk/talk_Omon_CanESM5_historical_r1i1p1f1_gn_192101-193012.nc,v20190429
CMIP,CanESM5,mon,gn,CCCma,ocean,CCCma,none,talk,sea_water_alkalinity_expressed_as_mole_equivalent,mol m-3,r1i1p1f1,Omon,1911-01-15-1920-12-15,/glade/collections/cmip/CMIP6/CMIP/CCCma/CanESM5/historical/r1i1p1f1/Omon/talk/gn/v20190429/talk/talk_Omon_CanESM5_historical_r1i1p1f1_gn_191101-192012.nc,v20190429
CMIP,CanESM5,mon,gn,CCCma,ocean,CCCma,none,talk,sea_water_alkalinity_expressed_as_mole_equivalent,mol m-3,r1i1p1f1,Omon,1861-01-15-1870-12-15,/glade/collections/cmip/CMIP6/CMIP/CCCma/CanESM5/historical/r1i1p1f1/Omon/talk/gn/v20190429/talk/talk_Omon_CanESM5_historical_r1i1p1f1_gn_186101-187012.nc,v20190429
CMIP,CanESM5,mon,gn,CCCma,ocean,CCCma,none,talk,sea_water_alkalinity_expressed_as_mole_equivalent,mol m-3,r1i1p1f1,Omon,2001-01-15-2010-12-15,/glade/collections/cmip/CMIP6/CMIP/CCCma/CanESM5/historical/r1i1p1f1/Omon/talk/gn/v20190429/talk/talk_Omon_CanESM5_historical_r1i1p1f1_gn_200101-201012.nc,v20190429
CMIP,CanESM5,mon,gn,CCCma,ocean,CCCma,none,talk,sea_water_alkalinity_expressed_as_mole_equivalent,mol m-3,r1i1p1f1,Omon,1891-01-15-1900-12-15,/glade/collections/cmip/CMIP6/CMIP/CCCma/CanESM5/historical/r1i1p1f1/Omon/talk/gn/v20190429/talk/talk_Omon_CanESM5_historical_r1i1p1f1_gn_189101-190012.nc,v20190429
CMIP,CanESM5,mon,gn,CCCma,ocean,CCCma,none,talk,sea_water_alkalinity_expressed_as_mole_equivalent,mol m-3,r1i1p1f1,Omon,1941-01-15-1950-12-15,/glade/collections/cmip/CMIP6/CMIP/CCCma/CanESM5/historical/r1i1p1f1/Omon/talk/gn/v20190429/talk/talk_Omon_CanESM5_historical_r1i1p1f1_gn_194101-195012.nc,v20190429
CMIP,CanESM5,mon,gn,CCCma,ocean,CCCma,none,talk,sea_water_alkalinity_expressed_as_mole_equivalent,mol m-3,r1i1p1f1,Omon,1971-01-15-1980-12-15,/glade/collections/cmip/CMIP6/CMIP/CCCma/CanESM5/historical/r1i1p1f1/Omon/talk/gn/v20190429/talk/talk_Omon_CanESM5_historical_r1i1p1f1_gn_197101-198012.nc,v20190429
CMIP,CanESM5,mon,gn,CCCma,ocean,CCCma,none,talk,sea_water_alkalinity_expressed_as_mole_equivalent,mol m-3,r1i1p1f1,Omon,1871-01-15-1880-12-15,/glade/collections/cmip/CMIP6/CMIP/CCCma/CanESM5/historical/r1i1p1f1/Omon/talk/gn/v20190429/talk/talk_Omon_CanESM5_historical_r1i1p1f1_gn_187101-188012.nc,v20190429
CMIP,CanESM5,mon,gn,CCCma,ocean,CCCma,none,talk,sea_water_alkalinity_expressed_as_mole_equivalent,mol m-3,r1i1p1f1,Omon,1981-01-15-1990-12-15,/glade/collections/cmip/CMIP6/CMIP/CCCma/CanESM5/historical/r1i1p1f1/Omon/talk/gn/v20190429/talk/talk_Omon_CanESM5_historical_r1i1p1f1_gn_198101-199012.nc,v20190429
CMIP,CanESM5,mon,gn,CCCma,ocean,CCCma,none,talk,sea_water_alkalinity_expressed_as_mole_equivalent,mol m-3,r1i1p1f1,Omon,1961-01-15-1970-12-15,/glade/collections/cmip/CMIP6/CMIP/CCCma/CanESM5/historical/r1i1p1f1/Omon/talk/gn/v20190429/talk/talk_Omon_CanESM5_historical_r1i1p1f1_gn_196101-197012.nc,v20190429
CMIP,CanESM5,mon,gn,CCCma,ocean,CCCma,none,talk,sea_water_alkalinity_expressed_as_mole_equivalent,mol m-3,r1i1p1f1,Omon,1931-01-15-1940-12-15,/glade/collections/cmip/CMIP6/CMIP/CCCma/CanESM5/historical/r1i1p1f1/Omon/talk/gn/v20190429/talk/talk_Omon_CanESM5_historical_r1i1p1f1_gn_193101-194012.nc,v20190429
CMIP,CanESM5,mon,gn,CCCma,ocean,CCCma,none,talk,sea_water_alkalinity_expressed_as_mole_equivalent,mol m-3,r1i1p1f1,Omon,1991-01-15-2000-12-15,/glade/collections/cmip/CMIP6/CMIP/CCCma/CanESM5/historical/r1i1p1f1/Omon/talk/gn/v20190429/talk/talk_Omon_CanESM5_historical_r1i1p1f1_gn_199101-200012.nc,v20190429
CMIP,CanESM5,mon,gn,CCCma,ocean,CCCma,none,talk,sea_water_alkalinity_expressed_as_mole_equivalent,mol m-3,r1i1p1f1,Omon,1850-01-15-1860-12-15,/glade/collections/cmip/CMIP6/CMIP/CCCma/CanESM5/historical/r1i1p1f1/Omon/talk/gn/v20190429/talk/talk_Omon_CanESM5_historical_r1i1p1f1_gn_185001-186012.nc,v20190429
CMIP,CanESM5,mon,gn,CCCma,ocean,CCCma,none,talk,sea_water_alkalinity_expressed_as_mole_equivalent,mol m-3,r1i1p1f1,Omon,1951-01-15-1960-12-15,/glade/collections/cmip/CMIP6/CMIP/CCCma/CanESM5/historical/r1i1p1f1/Omon/talk/gn/v20190429/talk/talk_Omon_CanESM5_historical_r1i1p1f1_gn_195101-196012.nc,v20190429
CMIP,CanESM5,mon,gn,CCCma,ocean,CCCma,none,talk,sea_water_alkalinity_expressed_as_mole_equivalent,mol m-3,r1i1p1f1,Omon,1901-01-15-1910-12-15,/glade/collections/cmip/CMIP6/CMIP/CCCma/CanESM5/historical/r1i1p1f1/Omon/talk/gn/v20190429/talk/talk_Omon_CanESM5_historical_r1i1p1f1_gn_190101-191012.nc,v20190429
CMIP,CanESM5,mon,gn,CCCma,ocean,CCCma,none,talk,sea_water_alkalinity_expressed_as_mole_equivalent,mol m-3,r1i1p1f1,Omon,2011-01-15-2014-12-15,/glade/collections/cmip/CMIP6/CMIP/CCCma/CanESM5/historical/r1i1p1f1/Omon/talk/gn/v20190429/talk/talk_Omon_CanESM5_historical_r1i1p1f1_gn_201101-201412.nc,v20190429
CMIP,CanESM5,mon,gn,CCCma,ocean,CCCma,none,talk,sea_water_alkalinity_expressed_as_mole_equivalent,mol m-3,r1i1p1f1,Omon,1881-01-15-1890-12-15,/glade/collections/cmip/CMIP6/CMIP/CCCma/CanESM5/historical/r1i1p1f1/Omon/talk/gn/v20190429/talk/talk_Omon_CanESM5_historical_r1i1p1f1_gn_188101-189012.nc,v20190429
CMIP,CanESM5,mon,gn,CCCma,ocean,CCCma,none,so,sea_water_salinity,,r1i1p1f1,Omon,1881-01-15-1890-12-15,/glade/collections/cmip/CMIP6/CMIP/CCCma/CanESM5/historical/r1i1p1f1/Omon/so/gn/v20190429/so/so_Omon_CanESM5_historical_r1i1p1f1_gn_188101-189012.nc,v20190429
CMIP,CanESM5,mon,gn,CCCma,ocean,CCCma,none,so,sea_water_salinity,,r1i1p1f1,Omon,1911-01-15-1920-12-15,/glade/collections/cmip/CMIP6/CMIP/CCCma/CanESM5/historical/r1i1p1f1/Omon/so/gn/v20190429/so/so_Omon_CanESM5_historical_r1i1p1f1_gn_191101-192012.nc,v20190429
CMIP,CanESM5,mon,gn,CCCma,ocean,CCCma,none,so,sea_water_salinity,,r1i1p1f1,Omon,1991-01-15-2000-12-15,/glade/collections/cmip/CMIP6/CMIP/CCCma/CanESM5/historical/r1i1p1f1/Omon/so/gn/v20190429/so/so_Omon_CanESM5_historical_r1i1p1f1_gn_199101-200012.nc,v20190429
CMIP,CanESM5,mon,gn,CCCma,ocean,CCCma,none,so,sea_water_salinity,,r1i1p1f1,Omon,2011-01-15-2014-12-15,/glade/collections/cmip/CMIP6/CMIP/CCCma/CanESM5/historical/r1i1p1f1/Omon/so/gn/v20190429/so/so_Omon_CanESM5_historical_r1i1p1f1_gn_201101-201412.nc,v20190429
CMIP,CanESM5,mon,gn,CCCma,ocean,CCCma,none,so,sea_water_salinity,,r1i1p1f1,Omon,1861-01-15-1870-12-15,/glade/collections/cmip/CMIP6/CMIP/CCCma/CanESM5/historical/r1i1p1f1/Omon/so/gn/v20190429/so/so_Omon_CanESM5_historical_r1i1p1f1_gn_186101-187012.nc,v20190429
CMIP,CanESM5,mon,gn,CCCma,ocean,CCCma,none,so,sea_water_salinity,,r1i1p1f1,Omon,1931-01-15-1940-12-15,/glade/collections/cmip/CMIP6/CMIP/CCCma/CanESM5/historical/r1i1p1f1/Omon/so/gn/v20190429/so/so_Omon_CanESM5_historical_r1i1p1f1_gn_193101-194012.nc,v20190429
CMIP,CanESM5,mon,gn,CCCma,ocean,CCCma,none,so,sea_water_salinity,,r1i1p1f1,Omon,1921-01-15-1930-12-15,/glade/collections/cmip/CMIP6/CMIP/CCCma/CanESM5/historical/r1i1p1f1/Omon/so/gn/v20190429/so/so_Omon_CanESM5_historical_r1i1p1f1_gn_192101-193012.nc,v20190429
CMIP,CanESM5,mon,gn,CCCma,ocean,CCCma,none,so,sea_water_salinity,,r1i1p1f1,Omon,2001-01-15-2010-12-15,/glade/collections/cmip/CMIP6/CMIP/CCCma/CanESM5/historical/r1i1p1f1/Omon/so/gn/v20190429/so/so_Omon_CanESM5_historical_r1i1p1f1_gn_200101-201012.nc,v20190429
CMIP,CanESM5,mon,gn,CCCma,ocean,CCCma,none,so,sea_water_salinity,,r1i1p1f1,Omon,1871-01-15-1880-12-15,/glade/collections/cmip/CMIP6/CMIP/CCCma/CanESM5/historical/r1i1p1f1/Omon/so/gn/v20190429/so/so_Omon_CanESM5_historical_r1i1p1f1_gn_187101-188012.nc,v20190429
CMIP,CanESM5,mon,gn,CCCma,ocean,CCCma,none,so,sea_water_salinity,,r1i1p1f1,Omon,1951-01-15-1960-12-15,/glade/collections/cmip/CMIP6/CMIP/CCCma/CanESM5/historical/r1i1p1f1/Omon/so/gn/v20190429/so/so_Omon_CanESM5_historical_r1i1p1f1_gn_195101-196012.nc,v20190429
CMIP,CanESM5,mon,gn,CCCma,ocean,CCCma,none,so,sea_water_salinity,,r1i1p1f1,Omon,1901-01-15-1910-12-15,/glade/collections/cmip/CMIP6/CMIP/CCCma/CanESM5/historical/r1i1p1f1/Omon/so/gn/v20190429/so/so_Omon_CanESM5_historical_r1i1p1f1_gn_190101-191012.nc,v20190429
CMIP,CanESM5,mon,gn,CCCma,ocean,CCCma,none,so,sea_water_salinity,,r1i1p1f1,Omon,1971-01-15-1980-12-15,/glade/collections/cmip/CMIP6/CMIP/CCCma/CanESM5/historical/r1i1p1f1/Omon/so/gn/v20190429/so/so_Omon_CanESM5_historical_r1i1p1f1_gn_197101-198012.nc,v20190429
CMIP,CanESM5,mon,gn,CCCma,ocean,CCCma,none,so,sea_water_salinity,,r1i1p1f1,Omon,1961-01-15-1970-12-15,/glade/collections/cmip/CMIP6/CMIP/CCCma/CanESM5/historical/r1i1p1f1/Omon/so/gn/v20190429/so/so_Omon_CanESM5_historical_r1i1p1f1_gn_196101-197012.nc,v20190429
CMIP,CanESM5,mon,gn,CCCma,ocean,CCCma,none,so,sea_water_salinity,,r1i1p1f1,Omon,1850-01-15-1860-12-15,/glade/collections/cmip/CMIP6/CMIP/CCCma/CanESM5/historical/r1i1p1f1/Omon/so/gn/v20190429/so/so_Omon_CanESM5_historical_r1i1p1f1_gn_185001-186012.nc,v20190429
CMIP,CanESM5,mon,gn,CCCma,ocean,CCCma,none,so,sea_water_salinity,,r1i1p1f1,Omon,1941-01-15-1950-12-15,/glade/collections/cmip/CMIP6/CMIP/CCCma/CanESM5/historical/r1i1p1f1/Omon/so/gn/v20190429/so/so_Omon_CanESM5_historical_r1i1p1f1_gn_194101-195012.nc,v20190429
CMIP,CanESM5,mon,gn,CCCma,ocean,CCCma,none,so,sea_water_salinity,,r1i1p1f1,Omon,1981-01-15-1990-12-15,/glade/collections/cmip/CMIP6/CMIP/CCCma/CanESM5/historical/r1i1p1f1/Omon/so/gn/v20190429/so/so_Omon_CanESM5_historical_r1i1p1f1_gn_198101-199012.nc,v20190429
CMIP,CanESM5,mon,gn,CCCma,ocean,CCCma,none,so,sea_water_salinity,,r1i1p1f1,Omon,1891-01-15-1900-12-15,/glade/collections/cmip/CMIP6/CMIP/CCCma/CanESM5/historical/r1i1p1f1/Omon/so/gn/v20190429/so/so_Omon_CanESM5_historical_r1i1p1f1_gn_189101-190012.nc,v20190429
CMIP,CanESM5,mon,gn,CCCma,ocean,CCCma,none,umo,,,r1i1p1f1,Omon,2001-01-15-2010-12-15,/glade/collections/cmip/CMIP6/CMIP/CCCma/CanESM5/historical/r1i1p1f1/Omon/umo/gn/v20190429/umo/umo_Omon_CanESM5_historical_r1i1p1f1_gn_200101-201012.nc,v20190429
CMIP,CanESM5,mon,gn,CCCma,ocean,CCCma,none,umo,,,r1i1p1f1,Omon,1971-01-15-1980-12-15,/glade/collections/cmip/CMIP6/CMIP/CCCma/CanESM5/historical/r1i1p1f1/Omon/umo/gn/v20190429/umo/umo_Omon_CanESM5_historical_r1i1p1f1_gn_197101-198012.nc,v20190429
CMIP,CanESM5,mon,gn,CCCma,ocean,CCCma,none,umo,,,r1i1p1f1,Omon,1871-01-15-1880-12-15,/glade/collections/cmip/CMIP6/CMIP/CCCma/CanESM5/historical/r1i1p1f1/Omon/umo/gn/v20190429/umo/umo_Omon_CanESM5_historical_r1i1p1f1_gn_187101-188012.nc,v20190429
CMIP,CanESM5,mon,gn,CCCma,ocean,CCCma,none,umo,,,r1i1p1f1,Omon,1881-01-15-1890-12-15,/glade/collections/cmip/CMIP6/CMIP/CCCma/CanESM5/historical/r1i1p1f1/Omon/umo/gn/v20190429/umo/umo_Omon_CanESM5_historical_r1i1p1f1_gn_188101-189012.nc,v20190429
CMIP,CanESM5,mon,gn,CCCma,ocean,CCCma,none,umo,,,r1i1p1f1,Omon,1981-01-15-1990-12-15,/glade/collections/cmip/CMIP6/CMIP/CCCma/CanESM5/historical/r1i1p1f1/Omon/umo/gn/v20190429/umo/umo_Omon_CanESM5_historical_r1i1p1f1_gn_198101-199012.nc,v20190429
CMIP,CanESM5,mon,gn,CCCma,ocean,CCCma,none,umo,,,r1i1p1f1,Omon,1891-01-15-1900-12-15,/glade/collections/cmip/CMIP6/CMIP/CCCma/CanESM5/historical/r1i1p1f1/Omon/umo/gn/v20190429/umo/umo_Omon_CanESM5_historical_r1i1p1f1_gn_189101-190012.nc,v20190429
CMIP,CanESM5,mon,gn,CCCma,ocean,CCCma,none,umo,,,r1i1p1f1,Omon,1861-01-15-1870-12-15,/glade/collections/cmip/CMIP6/CMIP/CCCma/CanESM5/historical/r1i1p1f1/Omon/umo/gn/v20190429/umo/umo_Omon_CanESM5_historical_r1i1p1f1_gn_186101-187012.nc,v20190429
CMIP,CanESM5,mon,gn,CCCma,ocean,CCCma,none,umo,,,r1i1p1f1,Omon,1921-01-15-1930-12-15,/glade/collections/cmip/CMIP6/CMIP/CCCma/CanESM5/historical/r1i1p1f1/Omon/umo/gn/v20190429/umo/umo_Omon_CanESM5_historical_r1i1p1f1_gn_192101-193012.nc,v20190429
CMIP,CanESM5,mon,gn,CCCma,ocean,CCCma,none,umo,,,r1i1p1f1,Omon,1941-01-15-1950-12-15,/glade/collections/cmip/CMIP6/CMIP/CCCma/CanESM5/historical/r1i1p1f1/Omon/umo/gn/v20190429/umo/umo_Omon_CanESM5_historical_r1i1p1f1_gn_194101-195012.nc,v20190429
CMIP,CanESM5,mon,gn,CCCma,ocean,CCCma,none,umo,,,r1i1p1f1,Omon,1850-01-15-1860-12-15,/glade/collections/cmip/CMIP6/CMIP/CCCma/CanESM5/historical/r1i1p1f1/Omon/umo/gn/v20190429/umo/umo_Omon_CanESM5_historical_r1i1p1f1_gn_185001-186012.nc,v20190429
CMIP,CanESM5,mon,gn,CCCma,ocean,CCCma,none,umo,,,r1i1p1f1,Omon,1951-01-15-1960-12-15,/glade/collections/cmip/CMIP6/CMIP/CCCma/CanESM5/historical/r1i1p1f1/Omon/umo/gn/v20190429/umo/umo_Omon_CanESM5_historical_r1i1p1f1_gn_195101-196012.nc,v20190429
CMIP,CanESM5,mon,gn,CCCma,ocean,CCCma,none,umo,,,r1i1p1f1,Omon,1911-01-15-1920-12-15,/glade/collections/cmip/CMIP6/CMIP/CCCma/CanESM5/historical/r1i1p1f1/Omon/umo/gn/v20190429/umo/umo_Omon_CanESM5_historical_r1i1p1f1_gn_191101-192012.nc,v20190429
CMIP,CanESM5,mon,gn,CCCma,ocean,CCCma,none,umo,,,r1i1p1f1,Omon,2011-01-15-2014-12-15,/glade/collections/cmip/CMIP6/CMIP/CCCma/CanESM5/historical/r1i1p1f1/Omon/umo/gn/v20190429/umo/umo_Omon_CanESM5_historical_r1i1p1f1_gn_201101-201412.nc,v20190429
CMIP,CanESM5,mon,gn,CCCma,ocean,CCCma,none,umo,,,r1i1p1f1,Omon,1991-01-15-2000-12-15,/glade/collections/cmip/CMIP6/CMIP/CCCma/CanESM5/historical/r1i1p1f1/Omon/umo/gn/v20190429/umo/umo_Omon_CanESM5_historical_r1i1p1f1_gn_199101-200012.nc,v20190429
CMIP,CanESM5,mon,gn,CCCma,ocean,CCCma,none,umo,,,r1i1p1f1,Omon,1901-01-15-1910-12-15,/glade/collections/cmip/CMIP6/CMIP/CCCma/CanESM5/historical/r1i1p1f1/Omon/umo/gn/v20190429/umo/umo_Omon_CanESM5_historical_r1i1p1f1_gn_190101-191012.nc,v20190429
CMIP,CanESM5,mon,gn,CCCma,ocean,CCCma,none,umo,,,r1i1p1f1,Omon,1931-01-15-1940-12-15,/glade/collections/cmip/CMIP6/CMIP/CCCma/CanESM5/historical/r1i1p1f1/Omon/umo/gn/v20190429/umo/umo_Omon_CanESM5_historical_r1i1p1f1_gn_193101-194012.nc,v20190429
CMIP,CanESM5,mon,gn,CCCma,ocean,CCCma,none,umo,,,r1i1p1f1,Omon,1961-01-15-1970-12-15,/glade/collections/cmip/CMIP6/CMIP/CCCma/CanESM5/historical/r1i1p1f1/Omon/umo/gn/v20190429/umo/umo_Omon_CanESM5_historical_r1i1p1f1_gn_196101-197012.nc,v20190429
CMIP,CanESM5,mon,gn,CCCma,ocean,CCCma,none,spco2nat,,,r1i1p1f1,Omon,1850-01-15-2014-12-15,/glade/collections/cmip/CMIP6/CMIP/CCCma/CanESM5/historical/r1i1p1f1/Omon/spco2nat/gn/v20190429/spco2nat/spco2nat_Omon_CanESM5_historical_r1i1p1f1_gn_185001-201412.nc,v20190429
CMIP,CanESM5,mon,gn,CCCma,ocean,CCCma,none,fgco2abio,surface_downward_mass_flux_of_carbon_dioxide_abiotic_analogue_expressed_as_carbon,kg m-2 s-1,r1i1p1f1,Omon,1850-01-15-2014-12-15,/glade/collections/cmip/CMIP6/CMIP/CCCma/CanESM5/historical/r1i1p1f1/Omon/fgco2abio/gn/v20190429/fgco2abio/fgco2abio_Omon_CanESM5_historical_r1i1p1f1_gn_185001-201412.nc,v20190429
CMIP,CanESM5,mon,gn,CCCma,ocean,CCCma,none,mlotstsq,square_of_ocean_mixed_layer_thickness_defined_by_sigma_t,m2,r1i1p1f1,Omon,1850-01-15-2014-12-15,/glade/collections/cmip/CMIP6/CMIP/CCCma/CanESM5/historical/r1i1p1f1/Omon/mlotstsq/gn/v20190429/mlotstsq/mlotstsq_Omon_CanESM5_historical_r1i1p1f1_gn_185001-201412.nc,v20190429
CMIP,CanESM5,mon,gn,CCCma,ocean,CCCma,none,zooc,mole_concentration_of_zooplankton_expressed_as_carbon_in_sea_water,mol m-3,r1i1p1f1,Omon,1861-01-15-1870-12-15,/glade/collections/cmip/CMIP6/CMIP/CCCma/CanESM5/historical/r1i1p1f1/Omon/zooc/gn/v20190429/zooc/zooc_Omon_CanESM5_historical_r1i1p1f1_gn_186101-187012.nc,v20190429
CMIP,CanESM5,mon,gn,CCCma,ocean,CCCma,none,zooc,mole_concentration_of_zooplankton_expressed_as_carbon_in_sea_water,mol m-3,r1i1p1f1,Omon,1921-01-15-1930-12-15,/glade/collections/cmip/CMIP6/CMIP/CCCma/CanESM5/historical/r1i1p1f1/Omon/zooc/gn/v20190429/zooc/zooc_Omon_CanESM5_historical_r1i1p1f1_gn_192101-193012.nc,v20190429
CMIP,CanESM5,mon,gn,CCCma,ocean,CCCma,none,zooc,mole_concentration_of_zooplankton_expressed_as_carbon_in_sea_water,mol m-3,r1i1p1f1,Omon,1891-01-15-1900-12-15,/glade/collections/cmip/CMIP6/CMIP/CCCma/CanESM5/historical/r1i1p1f1/Omon/zooc/gn/v20190429/zooc/zooc_Omon_CanESM5_historical_r1i1p1f1_gn_189101-190012.nc,v20190429
CMIP,CanESM5,mon,gn,CCCma,ocean,CCCma,none,zooc,mole_concentration_of_zooplankton_expressed_as_carbon_in_sea_water,mol m-3,r1i1p1f1,Omon,1951-01-15-1960-12-15,/glade/collections/cmip/CMIP6/CMIP/CCCma/CanESM5/historical/r1i1p1f1/Omon/zooc/gn/v20190429/zooc/zooc_Omon_CanESM5_historical_r1i1p1f1_gn_195101-196012.nc,v20190429
CMIP,CanESM5,mon,gn,CCCma,ocean,CCCma,none,zooc,mole_concentration_of_zooplankton_expressed_as_carbon_in_sea_water,mol m-3,r1i1p1f1,Omon,1981-01-15-1990-12-15,/glade/collections/cmip/CMIP6/CMIP/CCCma/CanESM5/historical/r1i1p1f1/Omon/zooc/gn/v20190429/zooc/zooc_Omon_CanESM5_historical_r1i1p1f1_gn_198101-199012.nc,v20190429
CMIP,CanESM5,mon,gn,CCCma,ocean,CCCma,none,zooc,mole_concentration_of_zooplankton_expressed_as_carbon_in_sea_water,mol m-3,r1i1p1f1,Omon,1871-01-15-1880-12-15,/glade/collections/cmip/CMIP6/CMIP/CCCma/CanESM5/historical/r1i1p1f1/Omon/zooc/gn/v20190429/zooc/zooc_Omon_CanESM5_historical_r1i1p1f1_gn_187101-188012.nc,v20190429
CMIP,CanESM5,mon,gn,CCCma,ocean,CCCma,none,zooc,mole_concentration_of_zooplankton_expressed_as_carbon_in_sea_water,mol m-3,r1i1p1f1,Omon,2011-01-15-2014-12-15,/glade/collections/cmip/CMIP6/CMIP/CCCma/CanESM5/historical/r1i1p1f1/Omon/zooc/gn/v20190429/zooc/zooc_Omon_CanESM5_historical_r1i1p1f1_gn_201101-201412.nc,v20190429
CMIP,CanESM5,mon,gn,CCCma,ocean,CCCma,none,zooc,mole_concentration_of_zooplankton_expressed_as_carbon_in_sea_water,mol m-3,r1i1p1f1,Omon,1991-01-15-2000-12-15,/glade/collections/cmip/CMIP6/CMIP/CCCma/CanESM5/historical/r1i1p1f1/Omon/zooc/gn/v20190429/zooc/zooc_Omon_CanESM5_historical_r1i1p1f1_gn_199101-200012.nc,v20190429
CMIP,CanESM5,mon,gn,CCCma,ocean,CCCma,none,zooc,mole_concentration_of_zooplankton_expressed_as_carbon_in_sea_water,mol m-3,r1i1p1f1,Omon,1911-01-15-1920-12-15,/glade/collections/cmip/CMIP6/CMIP/CCCma/CanESM5/historical/r1i1p1f1/Omon/zooc/gn/v20190429/zooc/zooc_Omon_CanESM5_historical_r1i1p1f1_gn_191101-192012.nc,v20190429
CMIP,CanESM5,mon,gn,CCCma,ocean,CCCma,none,zooc,mole_concentration_of_zooplankton_expressed_as_carbon_in_sea_water,mol m-3,r1i1p1f1,Omon,2001-01-15-2010-12-15,/glade/collections/cmip/CMIP6/CMIP/CCCma/CanESM5/historical/r1i1p1f1/Omon/zooc/gn/v20190429/zooc/zooc_Omon_CanESM5_historical_r1i1p1f1_gn_200101-201012.nc,v20190429
CMIP,CanESM5,mon,gn,CCCma,ocean,CCCma,none,zooc,mole_concentration_of_zooplankton_expressed_as_carbon_in_sea_water,mol m-3,r1i1p1f1,Omon,1971-01-15-1980-12-15,/glade/collections/cmip/CMIP6/CMIP/CCCma/CanESM5/historical/r1i1p1f1/Omon/zooc/gn/v20190429/zooc/zooc_Omon_CanESM5_historical_r1i1p1f1_gn_197101-198012.nc,v20190429
CMIP,CanESM5,mon,gn,CCCma,ocean,CCCma,none,zooc,mole_concentration_of_zooplankton_expressed_as_carbon_in_sea_water,mol m-3,r1i1p1f1,Omon,1881-01-15-1890-12-15,/glade/collections/cmip/CMIP6/CMIP/CCCma/CanESM5/historical/r1i1p1f1/Omon/zooc/gn/v20190429/zooc/zooc_Omon_CanESM5_historical_r1i1p1f1_gn_188101-189012.nc,v20190429
CMIP,CanESM5,mon,gn,CCCma,ocean,CCCma,none,zooc,mole_concentration_of_zooplankton_expressed_as_carbon_in_sea_water,mol m-3,r1i1p1f1,Omon,1941-01-15-1950-12-15,/glade/collections/cmip/CMIP6/CMIP/CCCma/CanESM5/historical/r1i1p1f1/Omon/zooc/gn/v20190429/zooc/zooc_Omon_CanESM5_historical_r1i1p1f1_gn_194101-195012.nc,v20190429
CMIP,CanESM5,mon,gn,CCCma,ocean,CCCma,none,zooc,mole_concentration_of_zooplankton_expressed_as_carbon_in_sea_water,mol m-3,r1i1p1f1,Omon,1850-01-15-1860-12-15,/glade/collections/cmip/CMIP6/CMIP/CCCma/CanESM5/historical/r1i1p1f1/Omon/zooc/gn/v20190429/zooc/zooc_Omon_CanESM5_historical_r1i1p1f1_gn_185001-186012.nc,v20190429
CMIP,CanESM5,mon,gn,CCCma,ocean,CCCma,none,zooc,mole_concentration_of_zooplankton_expressed_as_carbon_in_sea_water,mol m-3,r1i1p1f1,Omon,1961-01-15-1970-12-15,/glade/collections/cmip/CMIP6/CMIP/CCCma/CanESM5/historical/r1i1p1f1/Omon/zooc/gn/v20190429/zooc/zooc_Omon_CanESM5_historical_r1i1p1f1_gn_196101-197012.nc,v20190429
CMIP,CanESM5,mon,gn,CCCma,ocean,CCCma,none,zooc,mole_concentration_of_zooplankton_expressed_as_carbon_in_sea_water,mol m-3,r1i1p1f1,Omon,1931-01-15-1940-12-15,/glade/collections/cmip/CMIP6/CMIP/CCCma/CanESM5/historical/r1i1p1f1/Omon/zooc/gn/v20190429/zooc/zooc_Omon_CanESM5_historical_r1i1p1f1_gn_193101-194012.nc,v20190429
CMIP,CanESM5,mon,gn,CCCma,ocean,CCCma,none,zooc,mole_concentration_of_zooplankton_expressed_as_carbon_in_sea_water,mol m-3,r1i1p1f1,Omon,1901-01-15-1910-12-15,/glade/collections/cmip/CMIP6/CMIP/CCCma/CanESM5/historical/r1i1p1f1/Omon/zooc/gn/v20190429/zooc/zooc_Omon_CanESM5_historical_r1i1p1f1_gn_190101-191012.nc,v20190429
CMIP,CanESM5,mon,gn,CCCma,ocean,CCCma,none,tos,sea_surface_temperature,degC,r1i1p1f1,Omon,1850-01-15-2014-12-15,/glade/collections/cmip/CMIP6/CMIP/CCCma/CanESM5/historical/r1i1p1f1/Omon/tos/gn/v20190429/tos/tos_Omon_CanESM5_historical_r1i1p1f1_gn_185001-201412.nc,v20190429
CMIP,CanESM5,mon,gn,CCCma,ocean,CCCma,none,dissicabio,mole_concentration_of_dissolved_inorganic_carbon_abiotic_analogue_in_sea_water,mol m-3,r1i1p1f1,Omon,1921-01-15-1930-12-15,/glade/collections/cmip/CMIP6/CMIP/CCCma/CanESM5/historical/r1i1p1f1/Omon/dissicabio/gn/v20190429/dissicabio/dissicabio_Omon_CanESM5_historical_r1i1p1f1_gn_192101-193012.nc,v20190429
CMIP,CanESM5,mon,gn,CCCma,ocean,CCCma,none,dissicabio,mole_concentration_of_dissolved_inorganic_carbon_abiotic_analogue_in_sea_water,mol m-3,r1i1p1f1,Omon,2011-01-15-2014-12-15,/glade/collections/cmip/CMIP6/CMIP/CCCma/CanESM5/historical/r1i1p1f1/Omon/dissicabio/gn/v20190429/dissicabio/dissicabio_Omon_CanESM5_historical_r1i1p1f1_gn_201101-201412.nc,v20190429
CMIP,CanESM5,mon,gn,CCCma,ocean,CCCma,none,dissicabio,mole_concentration_of_dissolved_inorganic_carbon_abiotic_analogue_in_sea_water,mol m-3,r1i1p1f1,Omon,2001-01-15-2010-12-15,/glade/collections/cmip/CMIP6/CMIP/CCCma/CanESM5/historical/r1i1p1f1/Omon/dissicabio/gn/v20190429/dissicabio/dissicabio_Omon_CanESM5_historical_r1i1p1f1_gn_200101-201012.nc,v20190429
CMIP,CanESM5,mon,gn,CCCma,ocean,CCCma,none,dissicabio,mole_concentration_of_dissolved_inorganic_carbon_abiotic_analogue_in_sea_water,mol m-3,r1i1p1f1,Omon,1861-01-15-1870-12-15,/glade/collections/cmip/CMIP6/CMIP/CCCma/CanESM5/historical/r1i1p1f1/Omon/dissicabio/gn/v20190429/dissicabio/dissicabio_Omon_CanESM5_historical_r1i1p1f1_gn_186101-187012.nc,v20190429
CMIP,CanESM5,mon,gn,CCCma,ocean,CCCma,none,dissicabio,mole_concentration_of_dissolved_inorganic_carbon_abiotic_analogue_in_sea_water,mol m-3,r1i1p1f1,Omon,1901-01-15-1910-12-15,/glade/collections/cmip/CMIP6/CMIP/CCCma/CanESM5/historical/r1i1p1f1/Omon/dissicabio/gn/v20190429/dissicabio/dissicabio_Omon_CanESM5_historical_r1i1p1f1_gn_190101-191012.nc,v20190429
CMIP,CanESM5,mon,gn,CCCma,ocean,CCCma,none,dissicabio,mole_concentration_of_dissolved_inorganic_carbon_abiotic_analogue_in_sea_water,mol m-3,r1i1p1f1,Omon,1941-01-15-1950-12-15,/glade/collections/cmip/CMIP6/CMIP/CCCma/CanESM5/historical/r1i1p1f1/Omon/dissicabio/gn/v20190429/dissicabio/dissicabio_Omon_CanESM5_historical_r1i1p1f1_gn_194101-195012.nc,v20190429
CMIP,CanESM5,mon,gn,CCCma,ocean,CCCma,none,dissicabio,mole_concentration_of_dissolved_inorganic_carbon_abiotic_analogue_in_sea_water,mol m-3,r1i1p1f1,Omon,1850-01-15-1860-12-15,/glade/collections/cmip/CMIP6/CMIP/CCCma/CanESM5/historical/r1i1p1f1/Omon/dissicabio/gn/v20190429/dissicabio/dissicabio_Omon_CanESM5_historical_r1i1p1f1_gn_185001-186012.nc,v20190429
CMIP,CanESM5,mon,gn,CCCma,ocean,CCCma,none,dissicabio,mole_concentration_of_dissolved_inorganic_carbon_abiotic_analogue_in_sea_water,mol m-3,r1i1p1f1,Omon,1961-01-15-1970-12-15,/glade/collections/cmip/CMIP6/CMIP/CCCma/CanESM5/historical/r1i1p1f1/Omon/dissicabio/gn/v20190429/dissicabio/dissicabio_Omon_CanESM5_historical_r1i1p1f1_gn_196101-197012.nc,v20190429
CMIP,CanESM5,mon,gn,CCCma,ocean,CCCma,none,dissicabio,mole_concentration_of_dissolved_inorganic_carbon_abiotic_analogue_in_sea_water,mol m-3,r1i1p1f1,Omon,1911-01-15-1920-12-15,/glade/collections/cmip/CMIP6/CMIP/CCCma/CanESM5/historical/r1i1p1f1/Omon/dissicabio/gn/v20190429/dissicabio/dissicabio_Omon_CanESM5_historical_r1i1p1f1_gn_191101-192012.nc,v20190429
CMIP,CanESM5,mon,gn,CCCma,ocean,CCCma,none,dissicabio,mole_concentration_of_dissolved_inorganic_carbon_abiotic_analogue_in_sea_water,mol m-3,r1i1p1f1,Omon,1891-01-15-1900-12-15,/glade/collections/cmip/CMIP6/CMIP/CCCma/CanESM5/historical/r1i1p1f1/Omon/dissicabio/gn/v20190429/dissicabio/dissicabio_Omon_CanESM5_historical_r1i1p1f1_gn_189101-190012.nc,v20190429
CMIP,CanESM5,mon,gn,CCCma,ocean,CCCma,none,dissicabio,mole_concentration_of_dissolved_inorganic_carbon_abiotic_analogue_in_sea_water,mol m-3,r1i1p1f1,Omon,1981-01-15-1990-12-15,/glade/collections/cmip/CMIP6/CMIP/CCCma/CanESM5/historical/r1i1p1f1/Omon/dissicabio/gn/v20190429/dissicabio/dissicabio_Omon_CanESM5_historical_r1i1p1f1_gn_198101-199012.nc,v20190429
CMIP,CanESM5,mon,gn,CCCma,ocean,CCCma,none,dissicabio,mole_concentration_of_dissolved_inorganic_carbon_abiotic_analogue_in_sea_water,mol m-3,r1i1p1f1,Omon,1881-01-15-1890-12-15,/glade/collections/cmip/CMIP6/CMIP/CCCma/CanESM5/historical/r1i1p1f1/Omon/dissicabio/gn/v20190429/dissicabio/dissicabio_Omon_CanESM5_historical_r1i1p1f1_gn_188101-189012.nc,v20190429
CMIP,CanESM5,mon,gn,CCCma,ocean,CCCma,none,dissicabio,mole_concentration_of_dissolved_inorganic_carbon_abiotic_analogue_in_sea_water,mol m-3,r1i1p1f1,Omon,1971-01-15-1980-12-15,/glade/collections/cmip/CMIP6/CMIP/CCCma/CanESM5/historical/r1i1p1f1/Omon/dissicabio/gn/v20190429/dissicabio/dissicabio_Omon_CanESM5_historical_r1i1p1f1_gn_197101-198012.nc,v20190429
CMIP,CanESM5,mon,gn,CCCma,ocean,CCCma,none,dissicabio,mole_concentration_of_dissolved_inorganic_carbon_abiotic_analogue_in_sea_water,mol m-3,r1i1p1f1,Omon,1951-01-15-1960-12-15,/glade/collections/cmip/CMIP6/CMIP/CCCma/CanESM5/historical/r1i1p1f1/Omon/dissicabio/gn/v20190429/dissicabio/dissicabio_Omon_CanESM5_historical_r1i1p1f1_gn_195101-196012.nc,v20190429
CMIP,CanESM5,mon,gn,CCCma,ocean,CCCma,none,dissicabio,mole_concentration_of_dissolved_inorganic_carbon_abiotic_analogue_in_sea_water,mol m-3,r1i1p1f1,Omon,1991-01-15-2000-12-15,/glade/collections/cmip/CMIP6/CMIP/CCCma/CanESM5/historical/r1i1p1f1/Omon/dissicabio/gn/v20190429/dissicabio/dissicabio_Omon_CanESM5_historical_r1i1p1f1_gn_199101-200012.nc,v20190429
CMIP,CanESM5,mon,gn,CCCma,ocean,CCCma,none,dissicabio,mole_concentration_of_dissolved_inorganic_carbon_abiotic_analogue_in_sea_water,mol m-3,r1i1p1f1,Omon,1931-01-15-1940-12-15,/glade/collections/cmip/CMIP6/CMIP/CCCma/CanESM5/historical/r1i1p1f1/Omon/dissicabio/gn/v20190429/dissicabio/dissicabio_Omon_CanESM5_historical_r1i1p1f1_gn_193101-194012.nc,v20190429
CMIP,CanESM5,mon,gn,CCCma,ocean,CCCma,none,dissicabio,mole_concentration_of_dissolved_inorganic_carbon_abiotic_analogue_in_sea_water,mol m-3,r1i1p1f1,Omon,1871-01-15-1880-12-15,/glade/collections/cmip/CMIP6/CMIP/CCCma/CanESM5/historical/r1i1p1f1/Omon/dissicabio/gn/v20190429/dissicabio/dissicabio_Omon_CanESM5_historical_r1i1p1f1_gn_187101-188012.nc,v20190429
CMIP,CanESM5,mon,gn,CCCma,ocean,CCCma,none,wmo,,,r1i1p1f1,Omon,1981-01-15-1990-12-15,/glade/collections/cmip/CMIP6/CMIP/CCCma/CanESM5/historical/r1i1p1f1/Omon/wmo/gn/v20190429/wmo/wmo_Omon_CanESM5_historical_r1i1p1f1_gn_198101-199012.nc,v20190429
CMIP,CanESM5,mon,gn,CCCma,ocean,CCCma,none,wmo,,,r1i1p1f1,Omon,1921-01-15-1930-12-15,/glade/collections/cmip/CMIP6/CMIP/CCCma/CanESM5/historical/r1i1p1f1/Omon/wmo/gn/v20190429/wmo/wmo_Omon_CanESM5_historical_r1i1p1f1_gn_192101-193012.nc,v20190429
CMIP,CanESM5,mon,gn,CCCma,ocean,CCCma,none,wmo,,,r1i1p1f1,Omon,1850-01-15-1860-12-15,/glade/collections/cmip/CMIP6/CMIP/CCCma/CanESM5/historical/r1i1p1f1/Omon/wmo/gn/v20190429/wmo/wmo_Omon_CanESM5_historical_r1i1p1f1_gn_185001-186012.nc,v20190429
CMIP,CanESM5,mon,gn,CCCma,ocean,CCCma,none,wmo,,,r1i1p1f1,Omon,1961-01-15-1970-12-15,/glade/collections/cmip/CMIP6/CMIP/CCCma/CanESM5/historical/r1i1p1f1/Omon/wmo/gn/v20190429/wmo/wmo_Omon_CanESM5_historical_r1i1p1f1_gn_196101-197012.nc,v20190429
CMIP,CanESM5,mon,gn,CCCma,ocean,CCCma,none,wmo,,,r1i1p1f1,Omon,2011-01-15-2014-12-15,/glade/collections/cmip/CMIP6/CMIP/CCCma/CanESM5/historical/r1i1p1f1/Omon/wmo/gn/v20190429/wmo/wmo_Omon_CanESM5_historical_r1i1p1f1_gn_201101-201412.nc,v20190429
CMIP,CanESM5,mon,gn,CCCma,ocean,CCCma,none,wmo,,,r1i1p1f1,Omon,1901-01-15-1910-12-15,/glade/collections/cmip/CMIP6/CMIP/CCCma/CanESM5/historical/r1i1p1f1/Omon/wmo/gn/v20190429/wmo/wmo_Omon_CanESM5_historical_r1i1p1f1_gn_190101-191012.nc,v20190429
CMIP,CanESM5,mon,gn,CCCma,ocean,CCCma,none,wmo,,,r1i1p1f1,Omon,1971-01-15-1980-12-15,/glade/collections/cmip/CMIP6/CMIP/CCCma/CanESM5/historical/r1i1p1f1/Omon/wmo/gn/v20190429/wmo/wmo_Omon_CanESM5_historical_r1i1p1f1_gn_197101-198012.nc,v20190429
CMIP,CanESM5,mon,gn,CCCma,ocean,CCCma,none,wmo,,,r1i1p1f1,Omon,1991-01-15-2000-12-15,/glade/collections/cmip/CMIP6/CMIP/CCCma/CanESM5/historical/r1i1p1f1/Omon/wmo/gn/v20190429/wmo/wmo_Omon_CanESM5_historical_r1i1p1f1_gn_199101-200012.nc,v20190429
CMIP,CanESM5,mon,gn,CCCma,ocean,CCCma,none,wmo,,,r1i1p1f1,Omon,1871-01-15-1880-12-15,/glade/collections/cmip/CMIP6/CMIP/CCCma/CanESM5/historical/r1i1p1f1/Omon/wmo/gn/v20190429/wmo/wmo_Omon_CanESM5_historical_r1i1p1f1_gn_187101-188012.nc,v20190429
CMIP,CanESM5,mon,gn,CCCma,ocean,CCCma,none,wmo,,,r1i1p1f1,Omon,1941-01-15-1950-12-15,/glade/collections/cmip/CMIP6/CMIP/CCCma/CanESM5/historical/r1i1p1f1/Omon/wmo/gn/v20190429/wmo/wmo_Omon_CanESM5_historical_r1i1p1f1_gn_194101-195012.nc,v20190429
CMIP,CanESM5,mon,gn,CCCma,ocean,CCCma,none,wmo,,,r1i1p1f1,Omon,2001-01-15-2010-12-15,/glade/collections/cmip/CMIP6/CMIP/CCCma/CanESM5/historical/r1i1p1f1/Omon/wmo/gn/v20190429/wmo/wmo_Omon_CanESM5_historical_r1i1p1f1_gn_200101-201012.nc,v20190429
CMIP,CanESM5,mon,gn,CCCma,ocean,CCCma,none,wmo,,,r1i1p1f1,Omon,1881-01-15-1890-12-15,/glade/collections/cmip/CMIP6/CMIP/CCCma/CanESM5/historical/r1i1p1f1/Omon/wmo/gn/v20190429/wmo/wmo_Omon_CanESM5_historical_r1i1p1f1_gn_188101-189012.nc,v20190429
CMIP,CanESM5,mon,gn,CCCma,ocean,CCCma,none,wmo,,,r1i1p1f1,Omon,1931-01-15-1940-12-15,/glade/collections/cmip/CMIP6/CMIP/CCCma/CanESM5/historical/r1i1p1f1/Omon/wmo/gn/v20190429/wmo/wmo_Omon_CanESM5_historical_r1i1p1f1_gn_193101-194012.nc,v20190429
CMIP,CanESM5,mon,gn,CCCma,ocean,CCCma,none,wmo,,,r1i1p1f1,Omon,1861-01-15-1870-12-15,/glade/collections/cmip/CMIP6/CMIP/CCCma/CanESM5/historical/r1i1p1f1/Omon/wmo/gn/v20190429/wmo/wmo_Omon_CanESM5_historical_r1i1p1f1_gn_186101-187012.nc,v20190429
CMIP,CanESM5,mon,gn,CCCma,ocean,CCCma,none,wmo,,,r1i1p1f1,Omon,1951-01-15-1960-12-15,/glade/collections/cmip/CMIP6/CMIP/CCCma/CanESM5/historical/r1i1p1f1/Omon/wmo/gn/v20190429/wmo/wmo_Omon_CanESM5_historical_r1i1p1f1_gn_195101-196012.nc,v20190429
CMIP,CanESM5,mon,gn,CCCma,ocean,CCCma,none,wmo,,,r1i1p1f1,Omon,1891-01-15-1900-12-15,/glade/collections/cmip/CMIP6/CMIP/CCCma/CanESM5/historical/r1i1p1f1/Omon/wmo/gn/v20190429/wmo/wmo_Omon_CanESM5_historical_r1i1p1f1_gn_189101-190012.nc,v20190429
CMIP,CanESM5,mon,gn,CCCma,ocean,CCCma,none,wmo,,,r1i1p1f1,Omon,1911-01-15-1920-12-15,/glade/collections/cmip/CMIP6/CMIP/CCCma/CanESM5/historical/r1i1p1f1/Omon/wmo/gn/v20190429/wmo/wmo_Omon_CanESM5_historical_r1i1p1f1_gn_191101-192012.nc,v20190429
CMIP,CanESM5,mon,gn,CCCma,ocean,CCCma,none,spco2,surface_partial_pressure_of_carbon_dioxide_in_sea_water,Pa,r1i1p1f1,Omon,1850-01-15-2014-12-15,/glade/collections/cmip/CMIP6/CMIP/CCCma/CanESM5/historical/r1i1p1f1/Omon/spco2/gn/v20190429/spco2/spco2_Omon_CanESM5_historical_r1i1p1f1_gn_185001-201412.nc,v20190429
CMIP,CanESM5,mon,gn,CCCma,ocean,CCCma,none,tossq,,,r1i1p1f1,Omon,1850-01-15-2014-12-15,/glade/collections/cmip/CMIP6/CMIP/CCCma/CanESM5/historical/r1i1p1f1/Omon/tossq/gn/v20190429/tossq/tossq_Omon_CanESM5_historical_r1i1p1f1_gn_185001-201412.nc,v20190429
CMIP,CanESM5,mon,gn,CCCma,ocean,CCCma,none,detocos,,,r1i1p1f1,Omon,1850-01-15-2014-12-15,/glade/collections/cmip/CMIP6/CMIP/CCCma/CanESM5/historical/r1i1p1f1/Omon/detocos/gn/v20190429/detocos/detocos_Omon_CanESM5_historical_r1i1p1f1_gn_185001-201412.nc,v20190429
CMIP,CanESM5,mon,gn,CCCma,ocean,CCCma,none,thetao,sea_water_potential_temperature,degC,r1i1p1f1,Omon,1911-01-15-1920-12-15,/glade/collections/cmip/CMIP6/CMIP/CCCma/CanESM5/historical/r1i1p1f1/Omon/thetao/gn/v20190429/thetao/thetao_Omon_CanESM5_historical_r1i1p1f1_gn_191101-192012.nc,v20190429
CMIP,CanESM5,mon,gn,CCCma,ocean,CCCma,none,thetao,sea_water_potential_temperature,degC,r1i1p1f1,Omon,1901-01-15-1910-12-15,/glade/collections/cmip/CMIP6/CMIP/CCCma/CanESM5/historical/r1i1p1f1/Omon/thetao/gn/v20190429/thetao/thetao_Omon_CanESM5_historical_r1i1p1f1_gn_190101-191012.nc,v20190429
CMIP,CanESM5,mon,gn,CCCma,ocean,CCCma,none,thetao,sea_water_potential_temperature,degC,r1i1p1f1,Omon,1861-01-15-1870-12-15,/glade/collections/cmip/CMIP6/CMIP/CCCma/CanESM5/historical/r1i1p1f1/Omon/thetao/gn/v20190429/thetao/thetao_Omon_CanESM5_historical_r1i1p1f1_gn_186101-187012.nc,v20190429
CMIP,CanESM5,mon,gn,CCCma,ocean,CCCma,none,thetao,sea_water_potential_temperature,degC,r1i1p1f1,Omon,1951-01-15-1960-12-15,/glade/collections/cmip/CMIP6/CMIP/CCCma/CanESM5/historical/r1i1p1f1/Omon/thetao/gn/v20190429/thetao/thetao_Omon_CanESM5_historical_r1i1p1f1_gn_195101-196012.nc,v20190429
CMIP,CanESM5,mon,gn,CCCma,ocean,CCCma,none,thetao,sea_water_potential_temperature,degC,r1i1p1f1,Omon,1981-01-15-1990-12-15,/glade/collections/cmip/CMIP6/CMIP/CCCma/CanESM5/historical/r1i1p1f1/Omon/thetao/gn/v20190429/thetao/thetao_Omon_CanESM5_historical_r1i1p1f1_gn_198101-199012.nc,v20190429
CMIP,CanESM5,mon,gn,CCCma,ocean,CCCma,none,thetao,sea_water_potential_temperature,degC,r1i1p1f1,Omon,1921-01-15-1930-12-15,/glade/collections/cmip/CMIP6/CMIP/CCCma/CanESM5/historical/r1i1p1f1/Omon/thetao/gn/v20190429/thetao/thetao_Omon_CanESM5_historical_r1i1p1f1_gn_192101-193012.nc,v20190429
CMIP,CanESM5,mon,gn,CCCma,ocean,CCCma,none,thetao,sea_water_potential_temperature,degC,r1i1p1f1,Omon,2011-01-15-2014-12-15,/glade/collections/cmip/CMIP6/CMIP/CCCma/CanESM5/historical/r1i1p1f1/Omon/thetao/gn/v20190429/thetao/thetao_Omon_CanESM5_historical_r1i1p1f1_gn_201101-201412.nc,v20190429
CMIP,CanESM5,mon,gn,CCCma,ocean,CCCma,none,thetao,sea_water_potential_temperature,degC,r1i1p1f1,Omon,1850-01-15-1860-12-15,/glade/collections/cmip/CMIP6/CMIP/CCCma/CanESM5/historical/r1i1p1f1/Omon/thetao/gn/v20190429/thetao/thetao_Omon_CanESM5_historical_r1i1p1f1_gn_185001-186012.nc,v20190429
CMIP,CanESM5,mon,gn,CCCma,ocean,CCCma,none,thetao,sea_water_potential_temperature,degC,r1i1p1f1,Omon,1971-01-15-1980-12-15,/glade/collections/cmip/CMIP6/CMIP/CCCma/CanESM5/historical/r1i1p1f1/Omon/thetao/gn/v20190429/thetao/thetao_Omon_CanESM5_historical_r1i1p1f1_gn_197101-198012.nc,v20190429
CMIP,CanESM5,mon,gn,CCCma,ocean,CCCma,none,thetao,sea_water_potential_temperature,degC,r1i1p1f1,Omon,1941-01-15-1950-12-15,/glade/collections/cmip/CMIP6/CMIP/CCCma/CanESM5/historical/r1i1p1f1/Omon/thetao/gn/v20190429/thetao/thetao_Omon_CanESM5_historical_r1i1p1f1_gn_194101-195012.nc,v20190429
CMIP,CanESM5,mon,gn,CCCma,ocean,CCCma,none,thetao,sea_water_potential_temperature,degC,r1i1p1f1,Omon,1931-01-15-1940-12-15,/glade/collections/cmip/CMIP6/CMIP/CCCma/CanESM5/historical/r1i1p1f1/Omon/thetao/gn/v20190429/thetao/thetao_Omon_CanESM5_historical_r1i1p1f1_gn_193101-194012.nc,v20190429
CMIP,CanESM5,mon,gn,CCCma,ocean,CCCma,none,thetao,sea_water_potential_temperature,degC,r1i1p1f1,Omon,1961-01-15-1970-12-15,/glade/collections/cmip/CMIP6/CMIP/CCCma/CanESM5/historical/r1i1p1f1/Omon/thetao/gn/v20190429/thetao/thetao_Omon_CanESM5_historical_r1i1p1f1_gn_196101-197012.nc,v20190429
CMIP,CanESM5,mon,gn,CCCma,ocean,CCCma,none,thetao,sea_water_potential_temperature,degC,r1i1p1f1,Omon,1881-01-15-1890-12-15,/glade/collections/cmip/CMIP6/CMIP/CCCma/CanESM5/historical/r1i1p1f1/Omon/thetao/gn/v20190429/thetao/thetao_Omon_CanESM5_historical_r1i1p1f1_gn_188101-189012.nc,v20190429
CMIP,CanESM5,mon,gn,CCCma,ocean,CCCma,none,thetao,sea_water_potential_temperature,degC,r1i1p1f1,Omon,1871-01-15-1880-12-15,/glade/collections/cmip/CMIP6/CMIP/CCCma/CanESM5/historical/r1i1p1f1/Omon/thetao/gn/v20190429/thetao/thetao_Omon_CanESM5_historical_r1i1p1f1_gn_187101-188012.nc,v20190429
CMIP,CanESM5,mon,gn,CCCma,ocean,CCCma,none,thetao,sea_water_potential_temperature,degC,r1i1p1f1,Omon,2001-01-15-2010-12-15,/glade/collections/cmip/CMIP6/CMIP/CCCma/CanESM5/historical/r1i1p1f1/Omon/thetao/gn/v20190429/thetao/thetao_Omon_CanESM5_historical_r1i1p1f1_gn_200101-201012.nc,v20190429
CMIP,CanESM5,mon,gn,CCCma,ocean,CCCma,none,thetao,sea_water_potential_temperature,degC,r1i1p1f1,Omon,1991-01-15-2000-12-15,/glade/collections/cmip/CMIP6/CMIP/CCCma/CanESM5/historical/r1i1p1f1/Omon/thetao/gn/v20190429/thetao/thetao_Omon_CanESM5_historical_r1i1p1f1_gn_199101-200012.nc,v20190429
CMIP,CanESM5,mon,gn,CCCma,ocean,CCCma,none,thetao,sea_water_potential_temperature,degC,r1i1p1f1,Omon,1891-01-15-1900-12-15,/glade/collections/cmip/CMIP6/CMIP/CCCma/CanESM5/historical/r1i1p1f1/Omon/thetao/gn/v20190429/thetao/thetao_Omon_CanESM5_historical_r1i1p1f1_gn_189101-190012.nc,v20190429
CMIP,CanESM5,mon,gn,CCCma,ocean,CCCma,none,dissicos,mole_concentration_of_dissolved_inorganic_carbon_in_sea_water,mol m-3,r1i1p1f1,Omon,1850-01-15-2014-12-15,/glade/collections/cmip/CMIP6/CMIP/CCCma/CanESM5/historical/r1i1p1f1/Omon/dissicos/gn/v20190429/dissicos/dissicos_Omon_CanESM5_historical_r1i1p1f1_gn_185001-201412.nc,v20190429
CMIP,CanESM5,mon,gn,CCCma,ocean,CCCma,none,ponos,,,r1i1p1f1,Omon,1850-01-15-2014-12-15,/glade/collections/cmip/CMIP6/CMIP/CCCma/CanESM5/historical/r1i1p1f1/Omon/ponos/gn/v20190429/ponos/ponos_Omon_CanESM5_historical_r1i1p1f1_gn_185001-201412.nc,v20190429
CMIP,CanESM5,mon,gn,CCCma,ocean,CCCma,none,zos,sea_surface_height_above_geoid,m,r1i1p1f1,Omon,1850-01-15-2014-12-15,/glade/collections/cmip/CMIP6/CMIP/CCCma/CanESM5/historical/r1i1p1f1/Omon/zos/gn/v20190429/zos/zos_Omon_CanESM5_historical_r1i1p1f1_gn_185001-201412.nc,v20190429
CMIP,CanESM5,mon,gn,CCCma,ocean,CCCma,none,wfo,water_flux_into_sea_water,kg m-2 s-1,r1i1p1f1,Omon,1850-01-15-2014-12-15,/glade/collections/cmip/CMIP6/CMIP/CCCma/CanESM5/historical/r1i1p1f1/Omon/wfo/gn/v20190429/wfo/wfo_Omon_CanESM5_historical_r1i1p1f1_gn_185001-201412.nc,v20190429
CMIP,CanESM5,mon,gn,CCCma,ocean,CCCma,none,tosga,,,r1i1p1f1,Omon,1850-01-15-2014-12-15,/glade/collections/cmip/CMIP6/CMIP/CCCma/CanESM5/historical/r1i1p1f1/Omon/tosga/gn/v20190429/tosga/tosga_Omon_CanESM5_historical_r1i1p1f1_gn_185001-201412.nc,v20190429
CMIP,CanESM5,mon,gn,CCCma,ocean,CCCma,none,o2,mole_concentration_of_dissolved_molecular_oxygen_in_sea_water,mol m-3,r1i1p1f1,Omon,1981-01-15-1990-12-15,/glade/collections/cmip/CMIP6/CMIP/CCCma/CanESM5/historical/r1i1p1f1/Omon/o2/gn/v20190429/o2/o2_Omon_CanESM5_historical_r1i1p1f1_gn_198101-199012.nc,v20190429
CMIP,CanESM5,mon,gn,CCCma,ocean,CCCma,none,o2,mole_concentration_of_dissolved_molecular_oxygen_in_sea_water,mol m-3,r1i1p1f1,Omon,1951-01-15-1960-12-15,/glade/collections/cmip/CMIP6/CMIP/CCCma/CanESM5/historical/r1i1p1f1/Omon/o2/gn/v20190429/o2/o2_Omon_CanESM5_historical_r1i1p1f1_gn_195101-196012.nc,v20190429
CMIP,CanESM5,mon,gn,CCCma,ocean,CCCma,none,o2,mole_concentration_of_dissolved_molecular_oxygen_in_sea_water,mol m-3,r1i1p1f1,Omon,1881-01-15-1890-12-15,/glade/collections/cmip/CMIP6/CMIP/CCCma/CanESM5/historical/r1i1p1f1/Omon/o2/gn/v20190429/o2/o2_Omon_CanESM5_historical_r1i1p1f1_gn_188101-189012.nc,v20190429
CMIP,CanESM5,mon,gn,CCCma,ocean,CCCma,none,o2,mole_concentration_of_dissolved_molecular_oxygen_in_sea_water,mol m-3,r1i1p1f1,Omon,1871-01-15-1880-12-15,/glade/collections/cmip/CMIP6/CMIP/CCCma/CanESM5/historical/r1i1p1f1/Omon/o2/gn/v20190429/o2/o2_Omon_CanESM5_historical_r1i1p1f1_gn_187101-188012.nc,v20190429
CMIP,CanESM5,mon,gn,CCCma,ocean,CCCma,none,o2,mole_concentration_of_dissolved_molecular_oxygen_in_sea_water,mol m-3,r1i1p1f1,Omon,1861-01-15-1870-12-15,/glade/collections/cmip/CMIP6/CMIP/CCCma/CanESM5/historical/r1i1p1f1/Omon/o2/gn/v20190429/o2/o2_Omon_CanESM5_historical_r1i1p1f1_gn_186101-187012.nc,v20190429
CMIP,CanESM5,mon,gn,CCCma,ocean,CCCma,none,o2,mole_concentration_of_dissolved_molecular_oxygen_in_sea_water,mol m-3,r1i1p1f1,Omon,1891-01-15-1900-12-15,/glade/collections/cmip/CMIP6/CMIP/CCCma/CanESM5/historical/r1i1p1f1/Omon/o2/gn/v20190429/o2/o2_Omon_CanESM5_historical_r1i1p1f1_gn_189101-190012.nc,v20190429
CMIP,CanESM5,mon,gn,CCCma,ocean,CCCma,none,o2,mole_concentration_of_dissolved_molecular_oxygen_in_sea_water,mol m-3,r1i1p1f1,Omon,1961-01-15-1970-12-15,/glade/collections/cmip/CMIP6/CMIP/CCCma/CanESM5/historical/r1i1p1f1/Omon/o2/gn/v20190429/o2/o2_Omon_CanESM5_historical_r1i1p1f1_gn_196101-197012.nc,v20190429
CMIP,CanESM5,mon,gn,CCCma,ocean,CCCma,none,o2,mole_concentration_of_dissolved_molecular_oxygen_in_sea_water,mol m-3,r1i1p1f1,Omon,1850-01-15-1860-12-15,/glade/collections/cmip/CMIP6/CMIP/CCCma/CanESM5/historical/r1i1p1f1/Omon/o2/gn/v20190429/o2/o2_Omon_CanESM5_historical_r1i1p1f1_gn_185001-186012.nc,v20190429
CMIP,CanESM5,mon,gn,CCCma,ocean,CCCma,none,o2,mole_concentration_of_dissolved_molecular_oxygen_in_sea_water,mol m-3,r1i1p1f1,Omon,2001-01-15-2010-12-15,/glade/collections/cmip/CMIP6/CMIP/CCCma/CanESM5/historical/r1i1p1f1/Omon/o2/gn/v20190429/o2/o2_Omon_CanESM5_historical_r1i1p1f1_gn_200101-201012.nc,v20190429
CMIP,CanESM5,mon,gn,CCCma,ocean,CCCma,none,o2,mole_concentration_of_dissolved_molecular_oxygen_in_sea_water,mol m-3,r1i1p1f1,Omon,1991-01-15-2000-12-15,/glade/collections/cmip/CMIP6/CMIP/CCCma/CanESM5/historical/r1i1p1f1/Omon/o2/gn/v20190429/o2/o2_Omon_CanESM5_historical_r1i1p1f1_gn_199101-200012.nc,v20190429
CMIP,CanESM5,mon,gn,CCCma,ocean,CCCma,none,o2,mole_concentration_of_dissolved_molecular_oxygen_in_sea_water,mol m-3,r1i1p1f1,Omon,1941-01-15-1950-12-15,/glade/collections/cmip/CMIP6/CMIP/CCCma/CanESM5/historical/r1i1p1f1/Omon/o2/gn/v20190429/o2/o2_Omon_CanESM5_historical_r1i1p1f1_gn_194101-195012.nc,v20190429
CMIP,CanESM5,mon,gn,CCCma,ocean,CCCma,none,o2,mole_concentration_of_dissolved_molecular_oxygen_in_sea_water,mol m-3,r1i1p1f1,Omon,1931-01-15-1940-12-15,/glade/collections/cmip/CMIP6/CMIP/CCCma/CanESM5/historical/r1i1p1f1/Omon/o2/gn/v20190429/o2/o2_Omon_CanESM5_historical_r1i1p1f1_gn_193101-194012.nc,v20190429
CMIP,CanESM5,mon,gn,CCCma,ocean,CCCma,none,o2,mole_concentration_of_dissolved_molecular_oxygen_in_sea_water,mol m-3,r1i1p1f1,Omon,1971-01-15-1980-12-15,/glade/collections/cmip/CMIP6/CMIP/CCCma/CanESM5/historical/r1i1p1f1/Omon/o2/gn/v20190429/o2/o2_Omon_CanESM5_historical_r1i1p1f1_gn_197101-198012.nc,v20190429
CMIP,CanESM5,mon,gn,CCCma,ocean,CCCma,none,o2,mole_concentration_of_dissolved_molecular_oxygen_in_sea_water,mol m-3,r1i1p1f1,Omon,1921-01-15-1930-12-15,/glade/collections/cmip/CMIP6/CMIP/CCCma/CanESM5/historical/r1i1p1f1/Omon/o2/gn/v20190429/o2/o2_Omon_CanESM5_historical_r1i1p1f1_gn_192101-193012.nc,v20190429
CMIP,CanESM5,mon,gn,CCCma,ocean,CCCma,none,o2,mole_concentration_of_dissolved_molecular_oxygen_in_sea_water,mol m-3,r1i1p1f1,Omon,1901-01-15-1910-12-15,/glade/collections/cmip/CMIP6/CMIP/CCCma/CanESM5/historical/r1i1p1f1/Omon/o2/gn/v20190429/o2/o2_Omon_CanESM5_historical_r1i1p1f1_gn_190101-191012.nc,v20190429
CMIP,CanESM5,mon,gn,CCCma,ocean,CCCma,none,o2,mole_concentration_of_dissolved_molecular_oxygen_in_sea_water,mol m-3,r1i1p1f1,Omon,2011-01-15-2014-12-15,/glade/collections/cmip/CMIP6/CMIP/CCCma/CanESM5/historical/r1i1p1f1/Omon/o2/gn/v20190429/o2/o2_Omon_CanESM5_historical_r1i1p1f1_gn_201101-201412.nc,v20190429
CMIP,CanESM5,mon,gn,CCCma,ocean,CCCma,none,o2,mole_concentration_of_dissolved_molecular_oxygen_in_sea_water,mol m-3,r1i1p1f1,Omon,1911-01-15-1920-12-15,/glade/collections/cmip/CMIP6/CMIP/CCCma/CanESM5/historical/r1i1p1f1/Omon/o2/gn/v20190429/o2/o2_Omon_CanESM5_historical_r1i1p1f1_gn_191101-192012.nc,v20190429
CMIP,CanESM5,mon,gn,CCCma,ocean,CCCma,none,evs,water_evapotranspiration_flux,kg m-2 s-1,r1i1p1f1,Omon,1850-01-15-2014-12-15,/glade/collections/cmip/CMIP6/CMIP/CCCma/CanESM5/historical/r1i1p1f1/Omon/evs/gn/v20190429/evs/evs_Omon_CanESM5_historical_r1i1p1f1_gn_185001-201412.nc,v20190429
CMIP,CanESM5,mon,gn,CCCma,ocean,CCCma,none,epc100,sinking_mole_flux_of_particulate_organic_matter_expressed_as_carbon_in_sea_water,mol m-2 s-1,r1i1p1f1,Omon,1850-01-15-2014-12-15,/glade/collections/cmip/CMIP6/CMIP/CCCma/CanESM5/historical/r1i1p1f1/Omon/epc100/gn/v20190429/epc100/epc100_Omon_CanESM5_historical_r1i1p1f1_gn_185001-201412.nc,v20190429
CMIP,CanESM5,mon,gn,CCCma,ocean,CCCma,none,obvfsq,,,r1i1p1f1,Omon,1881-01-15-1890-12-15,/glade/collections/cmip/CMIP6/CMIP/CCCma/CanESM5/historical/r1i1p1f1/Omon/obvfsq/gn/v20190429/obvfsq/obvfsq_Omon_CanESM5_historical_r1i1p1f1_gn_188101-189012.nc,v20190429
CMIP,CanESM5,mon,gn,CCCma,ocean,CCCma,none,obvfsq,,,r1i1p1f1,Omon,2011-01-15-2014-12-15,/glade/collections/cmip/CMIP6/CMIP/CCCma/CanESM5/historical/r1i1p1f1/Omon/obvfsq/gn/v20190429/obvfsq/obvfsq_Omon_CanESM5_historical_r1i1p1f1_gn_201101-201412.nc,v20190429
CMIP,CanESM5,mon,gn,CCCma,ocean,CCCma,none,obvfsq,,,r1i1p1f1,Omon,1931-01-15-1940-12-15,/glade/collections/cmip/CMIP6/CMIP/CCCma/CanESM5/historical/r1i1p1f1/Omon/obvfsq/gn/v20190429/obvfsq/obvfsq_Omon_CanESM5_historical_r1i1p1f1_gn_193101-194012.nc,v20190429
CMIP,CanESM5,mon,gn,CCCma,ocean,CCCma,none,obvfsq,,,r1i1p1f1,Omon,1901-01-15-1910-12-15,/glade/collections/cmip/CMIP6/CMIP/CCCma/CanESM5/historical/r1i1p1f1/Omon/obvfsq/gn/v20190429/obvfsq/obvfsq_Omon_CanESM5_historical_r1i1p1f1_gn_190101-191012.nc,v20190429
CMIP,CanESM5,mon,gn,CCCma,ocean,CCCma,none,obvfsq,,,r1i1p1f1,Omon,1971-01-15-1980-12-15,/glade/collections/cmip/CMIP6/CMIP/CCCma/CanESM5/historical/r1i1p1f1/Omon/obvfsq/gn/v20190429/obvfsq/obvfsq_Omon_CanESM5_historical_r1i1p1f1_gn_197101-198012.nc,v20190429
CMIP,CanESM5,mon,gn,CCCma,ocean,CCCma,none,obvfsq,,,r1i1p1f1,Omon,1921-01-15-1930-12-15,/glade/collections/cmip/CMIP6/CMIP/CCCma/CanESM5/historical/r1i1p1f1/Omon/obvfsq/gn/v20190429/obvfsq/obvfsq_Omon_CanESM5_historical_r1i1p1f1_gn_192101-193012.nc,v20190429
CMIP,CanESM5,mon,gn,CCCma,ocean,CCCma,none,obvfsq,,,r1i1p1f1,Omon,1861-01-15-1870-12-15,/glade/collections/cmip/CMIP6/CMIP/CCCma/CanESM5/historical/r1i1p1f1/Omon/obvfsq/gn/v20190429/obvfsq/obvfsq_Omon_CanESM5_historical_r1i1p1f1_gn_186101-187012.nc,v20190429
CMIP,CanESM5,mon,gn,CCCma,ocean,CCCma,none,obvfsq,,,r1i1p1f1,Omon,2001-01-15-2010-12-15,/glade/collections/cmip/CMIP6/CMIP/CCCma/CanESM5/historical/r1i1p1f1/Omon/obvfsq/gn/v20190429/obvfsq/obvfsq_Omon_CanESM5_historical_r1i1p1f1_gn_200101-201012.nc,v20190429
CMIP,CanESM5,mon,gn,CCCma,ocean,CCCma,none,obvfsq,,,r1i1p1f1,Omon,1951-01-15-1960-12-15,/glade/collections/cmip/CMIP6/CMIP/CCCma/CanESM5/historical/r1i1p1f1/Omon/obvfsq/gn/v20190429/obvfsq/obvfsq_Omon_CanESM5_historical_r1i1p1f1_gn_195101-196012.nc,v20190429
CMIP,CanESM5,mon,gn,CCCma,ocean,CCCma,none,obvfsq,,,r1i1p1f1,Omon,1981-01-15-1990-12-15,/glade/collections/cmip/CMIP6/CMIP/CCCma/CanESM5/historical/r1i1p1f1/Omon/obvfsq/gn/v20190429/obvfsq/obvfsq_Omon_CanESM5_historical_r1i1p1f1_gn_198101-199012.nc,v20190429
CMIP,CanESM5,mon,gn,CCCma,ocean,CCCma,none,obvfsq,,,r1i1p1f1,Omon,1891-01-15-1900-12-15,/glade/collections/cmip/CMIP6/CMIP/CCCma/CanESM5/historical/r1i1p1f1/Omon/obvfsq/gn/v20190429/obvfsq/obvfsq_Omon_CanESM5_historical_r1i1p1f1_gn_189101-190012.nc,v20190429
CMIP,CanESM5,mon,gn,CCCma,ocean,CCCma,none,rsntds,net_downward_shortwave_flux_at_sea_water_surface,W m-2,r1i1p1f1,Omon,1850-01-15-2014-12-15,/glade/collections/cmip/CMIP6/CMIP/CCCma/CanESM5/historical/r1i1p1f1/Omon/rsntds/gn/v20190429/rsntds/rsntds_Omon_CanESM5_historical_r1i1p1f1_gn_185001-201412.nc,v20190429
CMIP,CanESM5,fx,gn,CCCma,ocean,CCCma,none,areacello,cell_area,m2,r1i1p1f1,Ofx,,/glade/collections/cmip/CMIP6/CMIP/CCCma/CanESM5/historical/r1i1p1f1/Ofx/areacello/gn/v20190429/areacello/areacello_Ofx_CanESM5_historical_r1i1p1f1_gn.nc,v20190429
CMIP,CanESM5,fx,gn,CCCma,ocean,CCCma,none,thkcello,cell_thickness,m,r1i1p1f1,Ofx,,/glade/collections/cmip/CMIP6/CMIP/CCCma/CanESM5/historical/r1i1p1f1/Ofx/thkcello/gn/v20190429/thkcello/thkcello_Ofx_CanESM5_historical_r1i1p1f1_gn.nc,v20190429